0,1,2,3,4,5,6,7,8,9,10,11,12,13,14,15,16,17,18,19,20,21,22,23,24,25,26,27,28,29,LONGITUDE,LATITUDE,ALTITUDE,FLOOR,BUILDINGID
-79.17391304347827,-87.6,-99.66666666666667,-96.15384615384616,-108.0,-108.0,-86.76923076923077,-89.58333333333333,-100.71428571428571,-108.0,-108.0,-108.0,-108.0,-108.0,-108.0,-108.0,-106.5,-108.0,-108.0,-108.0,-108.0,-108.0,-108.0,-108.0,-98.28571428571429,-94.10344827586206,-81.50617283950618,-89.4375,-95.375,-84.66666666666667,26.531,64.739,0.0,1.0,1.0
-70.45454545454545,-81.96,-90.93333333333334,-90.69565217391305,-93.88888888888889,-98.22222222222223,-92.36666666666666,-89.68,-96.0,-108.0,-108.0,-108.0,-108.0,-108.0,-108.0,-108.0,-108.0,-108.0,-108.0,-108.0,-108.0,-108.0,-108.0,-108.0,-102.57142857142857,-98.5,-83.39393939393939,-92.83333333333333,-97.28571428571429,-91.70588235294117,22.406,66.138,0.0,1.0,1.0
-67.37647058823529,-80.42028985507247,-85.06122448979592,-84.95833333333333,-88.625,-93.04545454545455,-81.92307692307692,-99.33333333333333,-108.0,-108.0,-108.0,-108.0,-101.83333333333333,-108.0,-108.0,-108.0,-91.25,-108.0,-108.0,-108.0,-108.0,-108.0,-108.0,-108.0,-91.48148148148148,-96.0,-84.9090909090909,-81.23958333333333,-94.0,-93.0,16.466,60.593,0.0,1.0,1.0
-65.47311827956989,-76.28048780487805,-83.78260869565217,-76.41584158415841,-90.38709677419355,-82.04545454545455,-91.4090909090909,-93.66666666666667,-108.0,-108.0,-108.0,-108.0,-108.0,-108.0,-108.0,-108.0,-108.0,-108.0,-108.0,-108.0,-108.0,-108.0,-108.0,-108.0,-97.4,-108.0,-85.8,-87.89830508474576,-106.33333333333333,-103.66666666666667,11.904,64.488,0.0,1.0,1.0
-76.75,-69.875,-90.63157894736842,-71.61290322580645,-95.08333333333333,-83.6,-108.0,-108.0,-108.0,-108.0,-108.0,-108.0,-108.0,-108.0,-108.0,-108.0,-108.0,-108.0,-108.0,-108.0,-108.0,-108.0,-108.0,-108.0,-108.0,-108.0,-91.03333333333333,-87.8157894736842,-108.0,-108.0,6.0385,62.374,0.0,1.0,1.0
-80.9047619047619,-76.62,-93.0,-74.26666666666667,-98.5,-89.7,-108.0,-108.0,-108.0,-108.0,-108.0,-108.0,-108.0,-108.0,-108.0,-108.0,-108.0,-108.0,-108.0,-108.0,-108.0,-108.0,-108.0,-108.0,-108.0,-108.0,-93.25,-88.17647058823529,-108.0,-108.0,6.9862,59.606,0.0,1.0,1.0
-78.125,-66.91489361702128,-82.35,-76.35135135135135,-86.93939393939394,-86.72916666666667,-108.0,-108.0,-108.0,-108.0,-108.0,-108.0,-108.0,-108.0,-108.0,-108.0,-108.0,-108.0,-108.0,-108.0,-108.0,-108.0,-108.0,-108.0,-108.0,-108.0,-91.52631578947368,-91.71428571428571,-108.0,-108.0,3.3155,67.672,0.0,1.0,1.0
-73.96491228070175,-69.54285714285714,-91.86666666666666,-74.3409090909091,-86.29166666666667,-83.14285714285714,-108.0,-108.0,-108.0,-108.0,-108.0,-108.0,-108.0,-108.0,-108.0,-108.0,-108.0,-108.0,-108.0,-108.0,-108.0,-108.0,-108.0,-108.0,-105.83333333333333,-108.0,-89.1875,-92.1,-108.0,-103.5,7.6611,66.339,0.0,1.0,1.0
-83.61111111111111,-93.26315789473684,-88.23529411764706,-95.21052631578948,-89.15789473684211,-108.0,-74.4074074074074,-99.57142857142857,-108.0,-108.0,-108.0,-108.0,-108.0,-108.0,-108.0,-108.0,-91.92307692307692,-108.0,-108.0,-108.0,-108.0,-108.0,-108.0,-108.0,-91.9090909090909,-105.66666666666667,-87.82142857142857,-93.3125,-108.0,-106.0,19.999,61.869,3.5,1.0,1.0
-69.51851851851852,-87.37142857142857,-78.29032258064517,-82.84375,-84.66666666666667,-93.125,-86.03703703703704,-108.0,-108.0,-108.0,-108.0,-108.0,-108.0,-108.0,-108.0,-108.0,-96.875,-108.0,-108.0,-108.0,-108.0,-108.0,-108.0,-108.0,-90.76470588235294,-108.0,-92.13333333333334,-96.54545454545455,-108.0,-108.0,34.103,67.403,3.5,1.0,1.0
-75.60975609756098,-81.63333333333334,-74.35714285714286,-74.82608695652173,-77.6842105263158,-80.96153846153847,-89.25806451612904,-108.0,-108.0,-108.0,-108.0,-108.0,-108.0,-108.0,-108.0,-108.0,-103.66666666666667,-108.0,-108.0,-108.0,-108.0,-108.0,-108.0,-108.0,-108.0,-108.0,-94.6,-98.875,-108.0,-105.83333333333333,15.254,63.231,3.5,1.0,1.0
-79.04761904761905,-86.27586206896552,-71.0,-80.125,-76.4,-88.28125,-92.84615384615384,-108.0,-108.0,-108.0,-108.0,-108.0,-108.0,-108.0,-108.0,-108.0,-105.0,-108.0,-108.0,-108.0,-108.0,-108.0,-108.0,-108.0,-101.71428571428571,-108.0,-90.82352941176471,-90.51724137931035,-108.0,-95.75,16.531,60.683,3.5,1.0,1.0
-83.9322033898305,-72.67241379310344,-80.70588235294117,-66.29545454545455,-77.15625,-69.65573770491804,-103.66666666666667,-108.0,-108.0,-108.0,-108.0,-108.0,-108.0,-108.0,-108.0,-108.0,-108.0,-108.0,-108.0,-108.0,-108.0,-108.0,-108.0,-108.0,-108.0,-108.0,-106.16666666666667,-108.0,-108.0,-108.0,11.902,64.008,3.5,1.0,1.0
-87.54761904761905,-81.0,-85.26086956521739,-72.41666666666667,-87.64516129032258,-81.90384615384616,-106.16666666666667,-108.0,-108.0,-108.0,-108.0,-108.0,-108.0,-108.0,-108.0,-108.0,-108.0,-108.0,-108.0,-108.0,-108.0,-108.0,-108.0,-108.0,-108.0,-108.0,-108.0,-96.41666666666667,-108.0,-108.0,5.9454,62.384,3.5,1.0,1.0
-90.58333333333333,-83.35,-85.05,-70.64864864864865,-88.15384615384616,-79.0625,-108.0,-108.0,-108.0,-108.0,-108.0,-108.0,-108.0,-108.0,-108.0,-108.0,-108.0,-108.0,-108.0,-108.0,-108.0,-108.0,-108.0,-108.0,-108.0,-108.0,-97.625,-93.91666666666667,-108.0,-108.0,7.6491,58.986,3.5,1.0,1.0
-87.70588235294117,-80.3409090909091,-84.6,-63.78947368421053,-82.31428571428572,-83.91228070175438,-108.0,-108.0,-108.0,-108.0,-108.0,-108.0,-108.0,-108.0,-108.0,-108.0,-108.0,-108.0,-108.0,-108.0,-108.0,-108.0,-108.0,-108.0,-108.0,-108.0,-108.0,-108.0,-108.0,-108.0,3.4964,67.548,3.5,1.0,1.0
-87.45652173913044,-73.08333333333333,-83.6923076923077,-68.45454545454545,-87.38709677419355,-79.17543859649123,-108.0,-108.0,-108.0,-108.0,-108.0,-108.0,-108.0,-108.0,-108.0,-108.0,-108.0,-108.0,-108.0,-108.0,-108.0,-108.0,-108.0,-108.0,-108.0,-108.0,-108.0,-96.55555555555556,-108.0,-108.0,9.2642,69.883,3.5,1.0,1.0
-88.36842105263158,-95.0,-81.24,-89.90322580645162,-80.42857142857143,-91.3076923076923,-94.0909090909091,-108.0,-108.0,-108.0,-105.33333333333333,-108.0,-106.5,-108.0,-108.0,-108.0,-99.42857142857143,-108.0,-108.0,-108.0,-108.0,-108.0,-108.0,-108.0,-108.0,-108.0,-92.92307692307692,-92.19047619047619,-108.0,-100.625,6.9484,67.585,7.0,1.0,1.0
-90.07407407407408,-92.33333333333333,-86.94117647058823,-86.26923076923077,-68.15217391304348,-83.42307692307692,-89.66666666666667,-108.0,-108.0,-108.0,-108.0,-108.0,-108.0,-108.0,-108.0,-108.0,-108.0,-108.0,-108.0,-108.0,-108.0,-108.0,-108.0,-108.0,-108.0,-108.0,-96.9,-103.16666666666667,-108.0,-108.0,19.999,61.869,7.0,1.0,1.0
-91.71428571428571,-91.1304347826087,-86.42857142857143,-79.45454545454545,-53.5,-79.65151515151516,-108.0,-108.0,-108.0,-108.0,-95.42857142857143,-108.0,-108.0,-108.0,-108.0,-108.0,-101.33333333333333,-108.0,-108.0,-108.0,-108.0,-108.0,-108.0,-108.0,-108.0,-108.0,-108.0,-108.0,-108.0,-108.0,15.2,63.404,7.0,1.0,1.0
-91.19444444444444,-95.47058823529412,-84.5909090909091,-86.55555555555556,-60.09756097560975,-85.1,-108.0,-108.0,-108.0,-108.0,-108.0,-108.0,-108.0,-108.0,-108.0,-108.0,-102.16666666666667,-108.0,-108.0,-108.0,-108.0,-108.0,-108.0,-108.0,-108.0,-100.14285714285714,-94.44444444444444,-96.3,-95.33333333333333,-104.5,16.563,60.686,7.0,1.0,1.0
-92.96,-86.89830508474576,-90.05555555555556,-76.78048780487805,-73.79591836734694,-72.15714285714286,-108.0,-108.0,-108.0,-108.0,-108.0,-108.0,-108.0,-108.0,-108.0,-108.0,-108.0,-108.0,-108.0,-108.0,-108.0,-108.0,-108.0,-108.0,-108.0,-108.0,-108.0,-108.0,-108.0,-108.0,11.9,63.859,7.0,1.0,1.0
-94.17391304347827,-86.06122448979592,-91.83333333333333,-69.6,-78.0625,-66.44736842105263,-108.0,-108.0,-108.0,-108.0,-108.0,-108.0,-108.0,-108.0,-108.0,-108.0,-108.0,-108.0,-108.0,-108.0,-108.0,-108.0,-108.0,-108.0,-108.0,-108.0,-108.0,-108.0,-108.0,-108.0,6.1709,62.351,7.0,1.0,1.0
-99.5,-88.88135593220339,-91.65,-75.3695652173913,-77.43181818181819,-74.9,-108.0,-108.0,-108.0,-108.0,-108.0,-108.0,-108.0,-108.0,-108.0,-108.0,-108.0,-108.0,-108.0,-108.0,-108.0,-108.0,-108.0,-108.0,-108.0,-108.0,-108.0,-93.55555555555556,-108.0,-108.0,7.5764,59.548,7.0,1.0,1.0
-93.38888888888889,-83.96825396825396,-95.36363636363636,-79.86111111111111,-74.33333333333333,-64.171875,-108.0,-108.0,-108.0,-108.0,-108.0,-108.0,-108.0,-108.0,-108.0,-108.0,-108.0,-108.0,-108.0,-108.0,-108.0,-108.0,-108.0,-108.0,-108.0,-108.0,-108.0,-108.0,-108.0,-108.0,9.7223,70.023,7.0,1.0,1.0
-93.94117647058823,-90.6375,-93.63157894736842,-87.46875,-75.27777777777777,-78.48333333333333,-108.0,-108.0,-108.0,-108.0,-108.0,-108.0,-108.0,-108.0,-108.0,-108.0,-108.0,-108.0,-108.0,-108.0,-108.0,-108.0,-108.0,-108.0,-108.0,-108.0,-108.0,-108.0,-108.0,-108.0,13.241,71.635,7.0,1.0,1.0
-85.29629629629629,-95.17647058823529,-103.5,-106.33333333333333,-108.0,-108.0,-84.74418604651163,-80.47297297297297,-95.41666666666667,-102.71428571428571,-108.0,-108.0,-108.0,-108.0,-108.0,-108.0,-108.0,-108.0,-108.0,-108.0,-108.0,-108.0,-108.0,-108.0,-91.96774193548387,-98.16666666666667,-82.53731343283582,-79.76190476190476,-95.14285714285714,-78.77142857142857,29.9,65.97,3.5,1.0,1.0
-84.18333333333334,-90.0,-99.66666666666667,-106.83333333333333,-108.0,-108.0,-89.60416666666667,-86.1639344262295,-93.6086956521739,-99.5,-95.125,-108.0,-108.0,-108.0,-108.0,-108.0,-108.0,-108.0,-108.0,-108.0,-108.0,-108.0,-108.0,-108.0,-105.66666666666667,-94.75,-82.9672131147541,-88.6046511627907,-98.2,-84.29166666666667,20.181,67.895,0.0,1.0,1.0
-81.89655172413794,-90.66666666666667,-94.52380952380952,-93.33333333333333,-91.58333333333333,-98.875,-85.20833333333333,-87.54285714285714,-95.28571428571429,-105.66666666666667,-90.95238095238095,-108.0,-108.0,-108.0,-108.0,-108.0,-108.0,-108.0,-108.0,-108.0,-108.0,-106.16666666666667,-108.0,-108.0,-89.62962962962963,-99.85714285714286,-75.26760563380282,-91.67647058823529,-94.6470588235294,-91.11764705882354,25.653,75.316,0.0,1.0,1.0
-89.26923076923077,-98.75,-108.0,-108.0,-108.0,-108.0,-92.28333333333333,-78.82022471910112,-91.05882352941177,-101.0,-108.0,-108.0,-108.0,-108.0,-108.0,-108.0,-108.0,-108.0,-108.0,-108.0,-108.0,-108.0,-108.0,-108.0,-94.13333333333334,-108.0,-89.69117647058823,-87.44285714285714,-101.33333333333333,-87.05405405405405,33.713,67.455,0.0,1.0,1.0
-94.34939759036145,-106.33333333333333,-108.0,-108.0,-108.0,-108.0,-100.77777777777777,-71.84795321637426,-85.70469798657719,-93.19354838709677,-93.69565217391305,-108.0,-108.0,-108.0,-108.0,-108.0,-108.0,-108.0,-108.0,-108.0,-108.0,-108.0,-108.0,-108.0,-99.5,-108.0,-89.20481927710843,-90.51785714285714,-98.875,-87.42465753424658,36.211,71.41,0.0,1.0,1.0
-104.33333333333333,-108.0,-108.0,-108.0,-108.0,-108.0,-90.91666666666667,-67.0,-86.52,-81.06896551724138,-91.15384615384616,-108.0,-108.0,-108.0,-108.0,-108.0,-108.0,-108.0,-108.0,-108.0,-108.0,-108.0,-108.0,-108.0,-108.0,-108.0,-99.16666666666667,-106.33333333333333,-104.57142857142857,-85.4,42.615,71.704,0.0,1.0,1.0
-108.0,-108.0,-108.0,-108.0,-108.0,-108.0,-108.0,-78.05882352941177,-69.1,-83.03614457831326,-91.15555555555555,-108.0,-108.0,-108.0,-108.0,-108.0,-108.0,-108.0,-108.0,-108.0,-108.0,-108.0,-108.0,-108.0,-108.0,-108.0,-108.0,-108.0,-108.0,-92.5625,40.068,81.524,0.0,1.0,1.0
-108.0,-108.0,-108.0,-108.0,-108.0,-108.0,-108.0,-108.0,-108.0,-108.0,-108.0,-108.0,-108.0,-108.0,-108.0,-108.0,-108.0,-108.0,-108.0,-108.0,-108.0,-108.0,-108.0,-108.0,-108.0,-108.0,-108.0,-108.0,-108.0,-108.0,50.692,76.104,0.0,1.0,1.0
-103.42857142857143,-108.0,-108.0,-108.0,-108.0,-108.0,-96.0,-62.415841584158414,-80.03846153846153,-85.97058823529412,-91.725,-108.0,-108.0,-108.0,-108.0,-108.0,-108.0,-108.0,-108.0,-108.0,-108.0,-108.0,-108.0,-108.0,-108.0,-100.5,-95.42857142857143,-94.375,-91.21428571428571,-87.15555555555555,44.88,80.603,3.5,1.0,1.0
-108.0,-108.0,-108.0,-108.0,-108.0,-108.0,-108.0,-108.0,-108.0,-108.0,-108.0,-108.0,-108.0,-108.0,-108.0,-108.0,-108.0,-108.0,-108.0,-108.0,-108.0,-108.0,-108.0,-108.0,-108.0,-108.0,-108.0,-108.0,-108.0,-108.0,37.741,70.841,3.5,1.0,1.0
-108.0,-108.0,-108.0,-108.0,-108.0,-108.0,-108.0,-108.0,-108.0,-108.0,-108.0,-108.0,-108.0,-108.0,-108.0,-108.0,-108.0,-108.0,-108.0,-108.0,-108.0,-108.0,-108.0,-108.0,-108.0,-108.0,-108.0,-108.0,-108.0,-108.0,38.116,72.221,3.5,1.0,1.0
-108.0,-108.0,-108.0,-108.0,-108.0,-108.0,-97.28571428571429,-82.69090909090909,-90.4,-83.53571428571429,-83.43157894736842,-108.0,-108.0,-108.0,-108.0,-108.0,-108.0,-108.0,-108.0,-108.0,-108.0,-108.0,-108.0,-108.0,-108.0,-108.0,-108.0,-108.0,-99.375,-94.2,41.723,73.636,3.5,1.0,1.0
-108.0,-108.0,-108.0,-108.0,-108.0,-108.0,-108.0,-90.43548387096774,-76.8048780487805,-77.53260869565217,-88.17948717948718,-108.0,-108.0,-108.0,-108.0,-108.0,-108.0,-108.0,-108.0,-108.0,-108.0,-108.0,-108.0,-108.0,-108.0,-108.0,-108.0,-108.0,-104.16666666666667,-108.0,40.068,81.524,3.5,1.0,1.0
-108.0,-108.0,-108.0,-108.0,-108.0,-108.0,-108.0,-89.65625,-80.91228070175438,-73.65151515151516,-84.15,-108.0,-108.0,-108.0,-108.0,-108.0,-108.0,-108.0,-108.0,-108.0,-108.0,-108.0,-108.0,-108.0,-108.0,-108.0,-108.0,-108.0,-108.0,-108.0,46.58,84.303,3.5,1.0,1.0
-108.0,-108.0,-108.0,-108.0,-108.0,-108.0,-99.85714285714286,-89.3125,-96.81818181818181,-87.7,-76.42708333333333,-108.0,-108.0,-108.0,-108.0,-108.0,-108.0,-108.0,-108.0,-108.0,-108.0,-108.0,-108.0,-108.0,-108.0,-103.42857142857143,-101.0,-97.9090909090909,-97.125,-85.06349206349206,37.741,70.841,7.0,1.0,1.0
-108.0,-108.0,-108.0,-108.0,-108.0,-108.0,-106.0,-90.55072463768116,-96.92857142857143,-92.875,-72.39416058394161,-108.0,-108.0,-108.0,-108.0,-108.0,-108.0,-108.0,-108.0,-108.0,-108.0,-108.0,-108.0,-108.0,-108.0,-108.0,-108.0,-108.0,-108.0,-93.51612903225806,38.116,72.221,7.0,1.0,1.0
-108.0,-108.0,-108.0,-108.0,-108.0,-108.0,-108.0,-88.875,-93.28,-87.63636363636364,-68.76335877862596,-108.0,-108.0,-108.0,-108.0,-108.0,-108.0,-108.0,-108.0,-102.16666666666667,-108.0,-108.0,-108.0,-108.0,-106.16666666666667,-108.0,-104.33333333333333,-108.0,-92.85,-93.83333333333333,41.781,73.696,7.0,1.0,1.0
-108.0,-108.0,-108.0,-108.0,-108.0,-108.0,-108.0,-91.75,-96.66666666666667,-85.10526315789474,-70.96850393700787,-108.0,-108.0,-108.0,-108.0,-108.0,-108.0,-108.0,-108.0,-108.0,-108.0,-108.0,-108.0,-108.0,-108.0,-108.0,-105.66666666666667,-108.0,-104.33333333333333,-91.1,43.136,70.993,7.0,1.0,1.0
-108.0,-108.0,-108.0,-108.0,-108.0,-108.0,-108.0,-98.57142857142857,-90.53623188405797,-85.62264150943396,-77.44444444444444,-108.0,-108.0,-108.0,-108.0,-108.0,-108.0,-108.0,-108.0,-108.0,-108.0,-108.0,-108.0,-108.0,-108.0,-108.0,-108.0,-108.0,-108.0,-108.0,40.238,81.866,7.0,1.0,1.0
-108.0,-108.0,-108.0,-108.0,-108.0,-108.0,-108.0,-95.73333333333333,-92.51219512195122,-91.3529411764706,-78.54285714285714,-108.0,-108.0,-108.0,-108.0,-108.0,-108.0,-108.0,-108.0,-108.0,-108.0,-108.0,-108.0,-108.0,-108.0,-108.0,-108.0,-108.0,-108.0,-108.0,36.19,80.345,7.0,1.0,1.0
-108.0,-108.0,-108.0,-108.0,-108.0,-108.0,-108.0,-108.0,-104.0,-105.0,-104.0,-108.0,-108.0,-108.0,-108.0,-108.0,-108.0,-108.0,-108.0,-108.0,-108.0,-108.0,-108.0,-108.0,-108.0,-108.0,-108.0,-108.0,-108.0,-108.0,46.451,84.318,7.0,1.0,1.0
-108.0,-108.0,-108.0,-108.0,-108.0,-108.0,-108.0,-97.3,-89.13559322033899,-84.73684210526316,-83.92857142857143,-108.0,-108.0,-108.0,-108.0,-108.0,-108.0,-108.0,-108.0,-108.0,-108.0,-108.0,-108.0,-108.0,-108.0,-108.0,-108.0,-108.0,-108.0,-108.0,49.154,79.04,7.0,1.0,1.0
-108.0,-108.0,-108.0,-108.0,-108.0,-108.0,-108.0,-105.83333333333333,-93.80555555555556,-85.41791044776119,-84.16083916083916,-108.0,-108.0,-108.0,-108.0,-108.0,-108.0,-108.0,-108.0,-108.0,-108.0,-108.0,-108.0,-108.0,-108.0,-108.0,-108.0,-108.0,-108.0,-108.0,50.652,76.052,7.0,1.0,1.0
-97.9,-108.0,-105.83333333333333,-108.0,-86.88235294117646,-108.0,-92.4090909090909,-101.28571428571429,-108.0,-108.0,-108.0,-108.0,-87.21311475409836,-108.0,-108.0,-108.0,-108.0,-108.0,-108.0,-92.58333333333333,-108.0,-108.0,-108.0,-108.0,-84.96491228070175,-88.42857142857143,-86.18181818181819,-88.8125,-88.0958904109589,-95.53333333333333,46.66,25.322,0.0,1.0,1.0
-108.0,-108.0,-108.0,-108.0,-108.0,-108.0,-108.0,-108.0,-108.0,-108.0,-108.0,-108.0,-79.18439716312056,-108.0,-99.25,-102.28571428571429,-98.42857142857143,-108.0,-108.0,-93.4,-108.0,-108.0,-108.0,-108.0,-91.92307692307692,-94.81481481481481,-96.0,-102.28571428571429,-89.90384615384616,-108.0,41.59,21.832,0.0,1.0,1.0
-108.0,-108.0,-108.0,-108.0,-102.83333333333333,-108.0,-108.0,-108.0,-108.0,-108.0,-108.0,-108.0,-71.06140350877193,-108.0,-90.4090909090909,-88.66666666666667,-90.2,-108.0,-108.0,-108.0,-108.0,-108.0,-108.0,-108.0,-88.8913043478261,-96.2,-91.0,-104.33333333333333,-103.66666666666667,-108.0,34.98,22.992,0.0,1.0,1.0
-108.0,-108.0,-108.0,-108.0,-108.0,-108.0,-108.0,-108.0,-108.0,-108.0,-108.0,-108.0,-79.99115044247787,-108.0,-79.16842105263157,-74.91208791208791,-92.83333333333333,-108.0,-108.0,-108.0,-108.0,-108.0,-108.0,-108.0,-104.0,-108.0,-104.5,-95.6,-108.0,-108.0,31.9,14.852,0.0,1.0,1.0
-108.0,-108.0,-108.0,-108.0,-108.0,-108.0,-108.0,-108.0,-108.0,-108.0,-108.0,-108.0,-87.23255813953489,-108.0,-70.88297872340425,-77.53086419753086,-90.74285714285715,-108.0,-108.0,-108.0,-108.0,-108.0,-108.0,-108.0,-108.0,-108.0,-108.0,-108.0,-108.0,-108.0,28.83,7.202,0.0,1.0,1.0
-108.0,-108.0,-108.0,-108.0,-108.0,-108.0,-108.0,-108.0,-108.0,-108.0,-108.0,-108.0,-85.70370370370371,-108.0,-77.0618556701031,-82.41379310344827,-89.44736842105263,-108.0,-108.0,-108.0,-108.0,-108.0,-108.0,-108.0,-108.0,-108.0,-108.0,-98.4,-108.0,-108.0,21.56,10.222,0.0,1.0,1.0
-108.0,-108.0,-108.0,-108.0,-108.0,-108.0,-108.0,-108.0,-108.0,-108.0,-108.0,-108.0,-83.23148148148148,-108.0,-77.31818181818181,-68.35802469135803,-92.66666666666667,-108.0,-108.0,-108.0,-108.0,-108.0,-108.0,-108.0,-108.0,-108.0,-108.0,-101.83333333333333,-108.0,-108.0,24.61,17.702,0.0,1.0,1.0
-108.0,-108.0,-108.0,-108.0,-95.3,-108.0,-108.0,-108.0,-108.0,-108.0,-108.0,-108.0,-72.27118644067797,-108.0,-93.91304347826087,-97.0,-89.86486486486487,-108.0,-108.0,-91.52777777777777,-108.0,-108.0,-108.0,-108.0,-87.04,-97.08333333333333,-104.85714285714286,-92.18181818181819,-105.66666666666667,-100.71428571428571,44.29,25.362,1.75,1.0,1.0
-108.0,-108.0,-108.0,-108.0,-105.83333333333333,-108.0,-108.0,-108.0,-108.0,-108.0,-108.0,-108.0,-72.60714285714286,-108.0,-87.38181818181818,-85.71739130434783,-79.51351351351352,-108.0,-108.0,-108.0,-108.0,-108.0,-108.0,-108.0,-98.42857142857143,-93.875,-106.0,-96.3,-108.0,-108.0,34.38,25.112,3.5,1.0,1.0
-108.0,-108.0,-108.0,-108.0,-108.0,-108.0,-108.0,-108.0,-108.0,-108.0,-108.0,-108.0,-87.83333333333333,-108.0,-83.58,-85.80722891566265,-84.71875,-108.0,-108.0,-108.0,-108.0,-108.0,-108.0,-108.0,-108.0,-106.16666666666667,-108.0,-108.0,-108.0,-108.0,34.19,20.032,3.5,1.0,1.0
-108.0,-108.0,-108.0,-108.0,-108.0,-108.0,-108.0,-108.0,-108.0,-108.0,-108.0,-108.0,-88.52173913043478,-108.0,-70.29523809523809,-75.34736842105264,-88.21951219512195,-108.0,-108.0,-108.0,-108.0,-108.0,-108.0,-108.0,-108.0,-108.0,-108.0,-108.0,-108.0,-108.0,31.93,12.962,3.5,1.0,1.0
-108.0,-108.0,-108.0,-108.0,-108.0,-108.0,-108.0,-108.0,-108.0,-108.0,-108.0,-108.0,-90.34285714285714,-108.0,-63.350515463917525,-73.55813953488372,-88.01923076923077,-108.0,-108.0,-108.0,-108.0,-108.0,-108.0,-108.0,-108.0,-108.0,-108.0,-108.0,-108.0,-108.0,26.65,7.202,3.5,1.0,1.0
-108.0,-108.0,-108.0,-108.0,-108.0,-108.0,-108.0,-108.0,-108.0,-108.0,-108.0,-108.0,-90.89189189189189,-108.0,-78.92941176470588,-70.11290322580645,-87.55555555555556,-108.0,-108.0,-108.0,-108.0,-108.0,-108.0,-108.0,-108.0,-108.0,-108.0,-108.0,-108.0,-108.0,21.54,12.982,3.5,1.0,1.0
-108.0,-108.0,-108.0,-108.0,-108.0,-108.0,-108.0,-108.0,-108.0,-108.0,-108.0,-108.0,-92.46153846153847,-108.0,-78.08571428571429,-69.72477064220183,-91.56756756756756,-108.0,-108.0,-108.0,-108.0,-108.0,-108.0,-108.0,-108.0,-108.0,-108.0,-108.0,-108.0,-108.0,26.62,17.802,3.5,1.0,1.0
-108.0,-108.0,-108.0,-108.0,-108.0,-108.0,-108.0,-108.0,-108.0,-108.0,-108.0,-108.0,-105.5,-108.0,-88.2289156626506,-79.5952380952381,-97.14285714285714,-108.0,-108.0,-108.0,-108.0,-108.0,-108.0,-108.0,-108.0,-108.0,-108.0,-98.77777777777777,-108.0,-108.0,21.2,20.962,3.5,1.0,1.0
-108.0,-108.0,-108.0,-108.0,-108.0,-108.0,-95.6,-108.0,-108.0,-101.83333333333333,-108.0,-108.0,-93.24,-108.0,-93.21428571428571,-89.82926829268293,-70.27619047619048,-108.0,-108.0,-108.0,-108.0,-108.0,-108.0,-108.0,-97.55555555555556,-100.66666666666667,-108.0,-108.0,-92.95833333333333,-103.5,39.4,21.462,7.0,1.0,1.0
-108.0,-108.0,-108.0,-108.0,-105.66666666666667,-108.0,-108.0,-108.0,-108.0,-108.0,-108.0,-108.0,-87.47169811320755,-108.0,-91.27659574468085,-88.21153846153847,-61.19767441860465,-108.0,-108.0,-108.0,-108.0,-108.0,-108.0,-108.0,-104.0,-100.33333333333333,-98.77777777777777,-108.0,-108.0,-105.66666666666667,34.38,25.112,7.0,1.0,1.0
-108.0,-108.0,-108.0,-108.0,-108.0,-108.0,-108.0,-108.0,-108.0,-108.0,-108.0,-108.0,-91.66666666666667,-108.0,-88.55952380952381,-84.32,-70.3177570093458,-108.0,-108.0,-108.0,-108.0,-108.0,-108.0,-108.0,-108.0,-108.0,-108.0,-108.0,-104.16666666666667,-108.0,34.19,20.032,7.0,1.0,1.0
-108.0,-108.0,-108.0,-108.0,-108.0,-108.0,-108.0,-108.0,-108.0,-108.0,-108.0,-108.0,-97.57142857142857,-108.0,-80.82075471698113,-77.42990654205607,-77.33333333333333,-108.0,-108.0,-108.0,-108.0,-108.0,-108.0,-108.0,-108.0,-108.0,-108.0,-108.0,-108.0,-108.0,29.13,17.802,7.0,1.0,1.0
-108.0,-108.0,-108.0,-108.0,-108.0,-108.0,-108.0,-108.0,-108.0,-108.0,-108.0,-108.0,-92.4,-108.0,-72.8529411764706,-76.70370370370371,-83.9375,-108.0,-108.0,-108.0,-108.0,-108.0,-108.0,-108.0,-108.0,-108.0,-108.0,-108.0,-108.0,-108.0,26.65,7.202,7.0,1.0,1.0
-108.0,-108.0,-108.0,-108.0,-108.0,-108.0,-108.0,-108.0,-108.0,-108.0,-108.0,-108.0,-92.16,-108.0,-81.44578313253012,-80.65753424657534,-85.48333333333333,-108.0,-108.0,-108.0,-108.0,-108.0,-108.0,-108.0,-108.0,-108.0,-108.0,-108.0,-108.0,-108.0,21.54,12.982,7.0,1.0,1.0
-108.0,-108.0,-108.0,-108.0,-108.0,-108.0,-108.0,-108.0,-108.0,-108.0,-108.0,-108.0,-101.0,-108.0,-79.13761467889908,-71.50434782608696,-83.1685393258427,-108.0,-108.0,-108.0,-108.0,-108.0,-108.0,-108.0,-108.0,-108.0,-108.0,-108.0,-108.0,-108.0,26.62,17.802,7.0,1.0,1.0
-99.0,-108.0,-94.05555555555556,-95.875,-90.29166666666667,-108.0,-106.33333333333333,-108.0,-108.0,-108.0,-108.0,-108.0,-90.2,-108.0,-106.16666666666667,-108.0,-108.0,-108.0,-108.0,-89.6875,-106.16666666666667,-108.0,-108.0,-108.0,-86.4054054054054,-87.81818181818181,-90.63636363636364,-84.95918367346938,-83.30985915492958,-100.75,48.81,17.462,0.0,1.0,1.0
-99.5,-108.0,-108.0,-108.0,-104.14285714285714,-108.0,-108.0,-108.0,-108.0,-108.0,-108.0,-108.0,-91.73529411764706,-108.0,-89.44444444444444,-94.66666666666667,-100.83333333333333,-108.0,-108.0,-90.28571428571429,-98.5,-102.42857142857143,-100.71428571428571,-108.0,-92.80952380952381,-95.25,-91.33333333333333,-106.83333333333333,-94.78571428571429,-105.66666666666667,41.96,-4.708,0.0,1.0,1.0
-108.0,-108.0,-108.0,-108.0,-108.0,-108.0,-108.0,-108.0,-108.0,-108.0,-108.0,-108.0,-86.18666666666667,-108.0,-99.5,-108.0,-108.0,-108.0,-108.0,-88.61538461538461,-98.71428571428571,-108.0,-108.0,-108.0,-92.73333333333333,-92.75862068965517,-101.66666666666667,-106.0,-93.33333333333333,-108.0,52.59,24.542,0.0,1.0,1.0
-108.0,-108.0,-108.0,-108.0,-108.0,-108.0,-108.0,-108.0,-108.0,-108.0,-108.0,-108.0,-94.1,-108.0,-90.44117647058823,-101.5,-108.0,-108.0,-108.0,-91.55172413793103,-91.96153846153847,-93.36,-93.675,-97.23076923076923,-102.28571428571429,-93.14583333333333,-96.21428571428571,-108.0,-96.375,-91.05555555555556,48.75,12.272,0.0,1.0,1.0
-105.83333333333333,-108.0,-102.125,-108.0,-101.66666666666667,-108.0,-108.0,-108.0,-108.0,-108.0,-108.0,-108.0,-100.16666666666667,-108.0,-108.0,-108.0,-108.0,-108.0,-108.0,-78.62121212121212,-101.33333333333333,-108.0,-108.0,-108.0,-92.75,-87.06557377049181,-93.5,-94.41666666666667,-89.14754098360656,-96.18181818181819,50.96,25.292,0.0,1.0,1.0
-108.0,-108.0,-102.22222222222223,-108.0,-106.5,-108.0,-108.0,-108.0,-108.0,-108.0,-108.0,-108.0,-100.625,-108.0,-108.0,-108.0,-108.0,-108.0,-108.0,-84.79268292682927,-108.0,-108.0,-108.0,-108.0,-96.41666666666667,-86.72839506172839,-106.5,-108.0,-92.14,-108.0,55.91,22.302,0.0,1.0,1.0
-108.0,-108.0,-108.0,-108.0,-108.0,-108.0,-108.0,-96.4,-108.0,-108.0,-108.0,-108.0,-93.62,-108.0,-108.0,-108.0,-108.0,-108.0,-108.0,-65.19123505976096,-86.3936170212766,-91.80740740740741,-96.8,-93.95121951219512,-108.0,-92.03703703703704,-105.83333333333333,-108.0,-87.404,-108.0,63.32,25.022,0.0,1.0,1.0
-108.0,-108.0,-108.0,-108.0,-108.0,-108.0,-108.0,-108.0,-108.0,-108.0,-108.0,-108.0,-108.0,-108.0,-108.0,-108.0,-108.0,-108.0,-108.0,-74.14423076923077,-80.23711340206185,-86.2566371681416,-81.71171171171171,-78.82894736842105,-108.0,-108.0,-108.0,-108.0,-94.02857142857142,-108.0,70.45,17.892,0.0,1.0,1.0
-108.0,-108.0,-108.0,-108.0,-108.0,-108.0,-108.0,-108.0,-108.0,-108.0,-108.0,-108.0,-108.0,-108.0,-108.0,-108.0,-108.0,-108.0,-108.0,-83.63333333333334,-60.582417582417584,-77.67619047619047,-80.62650602409639,-85.5925925925926,-108.0,-108.0,-108.0,-108.0,-99.66666666666667,-108.0,70.59,7.162,0.0,1.0,1.0
-108.0,-108.0,-101.125,-108.0,-103.5,-108.0,-108.0,-108.0,-108.0,-108.0,-108.0,-108.0,-84.78205128205128,-108.0,-108.0,-108.0,-108.0,-108.0,-108.0,-78.76923076923077,-91.6,-95.94117647058823,-108.0,-90.76470588235294,-108.0,-96.45454545454545,-108.0,-108.0,-91.02941176470588,-102.57142857142857,58.18,25.422,1.75,1.0,1.0
-108.0,-108.0,-108.0,-108.0,-108.0,-108.0,-108.0,-108.0,-108.0,-108.0,-108.0,-108.0,-108.0,-108.0,-108.0,-108.0,-108.0,-108.0,-108.0,-86.4225352112676,-85.40322580645162,-86.34745762711864,-89.85714285714286,-87.38,-108.0,-108.0,-108.0,-108.0,-92.28846153846153,-108.0,58.12,22.022,3.5,1.0,1.0
-108.0,-108.0,-108.0,-108.0,-108.0,-108.0,-108.0,-108.0,-108.0,-108.0,-108.0,-108.0,-108.0,-108.0,-108.0,-108.0,-108.0,-108.0,-108.0,-80.2183908045977,-89.625,-87.35,-91.71875,-87.79032258064517,-108.0,-108.0,-108.0,-108.0,-89.08571428571429,-105.66666666666667,63.19,25.192,3.5,1.0,1.0
-108.0,-108.0,-108.0,-108.0,-108.0,-108.0,-108.0,-108.0,-108.0,-108.0,-108.0,-108.0,-108.0,-108.0,-108.0,-108.0,-108.0,-108.0,-108.0,-88.1,-87.70454545454545,-86.62903225806451,-88.88679245283019,-77.25,-108.0,-108.0,-108.0,-108.0,-94.28571428571429,-108.0,63.3,20.412,3.5,1.0,1.0
-108.0,-108.0,-108.0,-108.0,-108.0,-108.0,-108.0,-108.0,-108.0,-108.0,-108.0,-108.0,-108.0,-108.0,-108.0,-108.0,-108.0,-108.0,-108.0,-92.67567567567568,-81.33734939759036,-79.04511278195488,-78.62025316455696,-78.45121951219512,-108.0,-108.0,-108.0,-108.0,-106.66666666666667,-108.0,70.59,7.162,3.5,1.0,1.0
-108.0,-108.0,-108.0,-108.0,-108.0,-108.0,-108.0,-108.0,-108.0,-108.0,-108.0,-108.0,-108.0,-108.0,-108.0,-108.0,-108.0,-108.0,-108.0,-91.5,-78.03496503496504,-77.42553191489361,-81.87012987012987,-71.14150943396227,-108.0,-108.0,-108.0,-108.0,-108.0,-108.0,75.69,7.102,3.5,1.0,1.0
-108.0,-108.0,-108.0,-108.0,-108.0,-108.0,-108.0,-108.0,-108.0,-108.0,-108.0,-108.0,-108.0,-108.0,-108.0,-108.0,-96.3,-108.0,-108.0,-90.64912280701755,-97.71428571428571,-91.53191489361703,-85.14634146341463,-90.9375,-108.0,-98.22222222222223,-108.0,-95.5,-88.70422535211267,-97.0,58.18,25.422,5.25,1.0,1.0
-108.0,-108.0,-99.5,-108.0,-108.0,-108.0,-108.0,-108.0,-108.0,-108.0,-108.0,-108.0,-108.0,-108.0,-108.0,-108.0,-108.0,-108.0,-108.0,-91.23333333333333,-89.5,-93.36363636363636,-78.96907216494846,-85.72222222222223,-108.0,-103.83333333333333,-108.0,-106.16666666666667,-94.47058823529412,-103.5,58.12,22.022,7.0,1.0,1.0
-108.0,-108.0,-108.0,-108.0,-108.0,-108.0,-108.0,-106.0,-108.0,-108.0,-105.16666666666667,-108.0,-108.0,-108.0,-108.0,-108.0,-108.0,-108.0,-108.0,-92.84210526315789,-86.36,-88.1923076923077,-75.44565217391305,-81.6989247311828,-108.0,-108.0,-108.0,-108.0,-92.18181818181819,-108.0,63.3,18.742,7.0,1.0,1.0
-108.0,-108.0,-108.0,-108.0,-108.0,-108.0,-108.0,-108.0,-108.0,-108.0,-108.0,-108.0,-108.0,-108.0,-108.0,-108.0,-108.0,-108.0,-108.0,-95.21428571428571,-85.99137931034483,-78.28682170542636,-77.29761904761905,-75.59615384615384,-108.0,-108.0,-108.0,-108.0,-108.0,-108.0,76.16,13.002,7.0,1.0,1.0
-108.0,-108.0,-108.0,-108.0,-108.0,-108.0,-108.0,-108.0,-108.0,-108.0,-108.0,-108.0,-108.0,-108.0,-108.0,-108.0,-108.0,-108.0,-108.0,-93.8780487804878,-82.87786259541984,-79.17985611510791,-76.53921568627452,-72.50537634408602,-108.0,-108.0,-108.0,-108.0,-108.0,-108.0,70.59,7.162,7.0,1.0,1.0
-108.0,-108.0,-108.0,-108.0,-108.0,-108.0,-108.0,-108.0,-108.0,-108.0,-108.0,-108.0,-108.0,-108.0,-108.0,-108.0,-108.0,-108.0,-108.0,-95.58333333333333,-80.03361344537815,-79.53146853146853,-65.31111111111112,-71.32967032967034,-108.0,-108.0,-108.0,-108.0,-108.0,-108.0,65.7,12.532,7.0,1.0,1.0
-108.0,-108.0,-108.0,-108.0,-108.0,-108.0,-108.0,-108.0,-108.0,-108.0,-108.0,-108.0,-108.0,-108.0,-108.0,-108.0,-108.0,-108.0,-108.0,-108.0,-90.66666666666667,-87.17293233082707,-85.10843373493977,-82.3780487804878,-108.0,-108.0,-108.0,-108.0,-108.0,-108.0,76.6,21.692,7.0,1.0,1.0
-94.5,-102.33333333333333,-101.71428571428571,-108.0,-101.5,-108.0,-106.0,-97.44444444444444,-108.0,-108.0,-106.33333333333333,-108.0,-88.64583333333333,-108.0,-96.9,-91.5,-89.2280701754386,-108.0,-108.0,-105.83333333333333,-108.0,-108.0,-108.0,-108.0,-88.34042553191489,-88.82432432432432,-85.55263157894737,-82.27027027027027,-89.59375,-92.58064516129032,21.8,36.03,0.0,1.0,1.0
-108.0,-108.0,-108.0,-108.0,-108.0,-108.0,-108.0,-105.33333333333333,-108.0,-108.0,-108.0,-108.0,-105.5,-108.0,-92.26829268292683,-96.16666666666667,-108.0,-108.0,-108.0,-93.62962962962963,-87.96428571428571,-95.94736842105263,-94.26666666666667,-93.5,-97.08333333333333,-93.46153846153847,-108.0,-101.875,-104.85714285714286,-90.76,49.43,8.64,0.0,1.0,1.0
-108.0,-108.0,-108.0,-108.0,-108.0,-108.0,-108.0,-108.0,-108.0,-108.0,-108.0,-108.0,-108.0,-108.0,-108.0,-108.0,-108.0,-108.0,-108.0,-108.0,-108.0,-108.0,-108.0,-108.0,-108.0,-108.0,-108.0,-108.0,-108.0,-108.0,58.79,34.41,0.0,1.0,1.0
-108.0,-108.0,-108.0,-108.0,-108.0,-108.0,-108.0,-108.0,-108.0,-108.0,-108.0,-108.0,-108.0,-108.0,-108.0,-108.0,-108.0,-108.0,-108.0,-108.0,-108.0,-108.0,-108.0,-108.0,-108.0,-108.0,-108.0,-108.0,-108.0,-108.0,79.29,32.32,0.0,1.0,1.0
-94.23076923076923,-105.5,-95.8,-108.0,-95.0,-108.0,-92.0,-91.2,-99.77777777777777,-108.0,-108.0,-108.0,-93.625,-108.0,-108.0,-108.0,-96.625,-108.0,-108.0,-94.77777777777777,-108.0,-108.0,-108.0,-108.0,-88.56,-73.45238095238095,-79.91208791208791,-88.53623188405797,-87.27586206896552,-91.39393939393939,41.57,44.61,0.0,1.0,1.0
-89.26315789473684,-103.83333333333333,-97.0,-99.88888888888889,-96.73333333333333,-108.0,-91.37142857142857,-100.5,-108.0,-108.0,-91.29629629629629,-108.0,-92.25,-108.0,-106.5,-95.9,-89.92,-108.0,-108.0,-106.16666666666667,-108.0,-108.0,-108.0,-108.0,-93.52631578947368,-89.57142857142857,-79.77777777777777,-74.62711864406779,-91.6842105263158,-89.29411764705883,22.93,45.39,0.0,1.0,1.0
-88.16129032258064,-108.0,-89.75,-108.0,-91.73333333333333,-108.0,-92.5,-92.54545454545455,-105.66666666666667,-108.0,-96.25,-108.0,-93.61538461538461,-108.0,-108.0,-108.0,-101.14285714285714,-108.0,-108.0,-100.33333333333333,-108.0,-108.0,-108.0,-108.0,-85.58974358974359,-85.075,-69.29464285714286,-82.4245283018868,-87.81818181818181,-79.70588235294117,34.25,55.05,0.0,1.0,1.0
-94.625,-94.18181818181819,-96.4,-93.8125,-92.83333333333333,-108.0,-103.66666666666667,-107.0,-108.0,-108.0,-108.0,-108.0,-91.07142857142857,-108.0,-108.0,-108.0,-105.83333333333333,-108.0,-108.0,-108.0,-108.0,-108.0,-108.0,-108.0,-106.33333333333333,-92.34782608695652,-84.52702702702703,-75.10810810810811,-95.92857142857143,-92.11764705882354,7.28,49.67,0.0,1.0,1.0
-88.66666666666667,-106.33333333333333,-108.0,-108.0,-108.0,-108.0,-87.04878048780488,-89.06122448979592,-99.85714285714286,-98.0,-101.5,-108.0,-102.57142857142857,-108.0,-108.0,-108.0,-104.42857142857143,-108.0,-108.0,-103.14285714285714,-108.0,-108.0,-108.0,-108.0,-92.0,-90.83333333333333,-84.0909090909091,-86.96491228070175,-91.8076923076923,-79.24193548387096,45.22,64.91,0.0,1.0,1.0
-94.58333333333333,-88.625,-108.0,-92.42857142857143,-108.0,-103.42857142857143,-108.0,-108.0,-108.0,-108.0,-108.0,-108.0,-97.55555555555556,-108.0,-108.0,-108.0,-99.55555555555556,-108.0,-108.0,-108.0,-108.0,-108.0,-108.0,-108.0,-105.83333333333333,-101.66666666666667,-96.16666666666667,-85.40697674418605,-108.0,-108.0,25.56,83.27,0.0,1.0,1.0
-94.58333333333333,-88.625,-108.0,-92.42857142857143,-108.0,-103.42857142857143,-108.0,-108.0,-108.0,-108.0,-108.0,-108.0,-97.55555555555556,-108.0,-108.0,-108.0,-99.55555555555556,-108.0,-108.0,-108.0,-108.0,-108.0,-108.0,-108.0,-105.83333333333333,-101.66666666666667,-96.16666666666667,-85.40697674418605,-108.0,-108.0,-1.44,59.59,0.0,1.0,1.0
-108.0,-108.0,-108.0,-108.0,-108.0,-108.0,-108.0,-93.48979591836735,-80.87654320987654,-93.46666666666667,-108.0,-108.0,-108.0,-108.0,-108.0,-108.0,-108.0,-108.0,-108.0,-108.0,-108.0,-108.0,-108.0,-108.0,-108.0,-108.0,-108.0,-108.0,-91.78947368421052,-108.0,60.8,87.29,0.0,1.0,1.0
-96.18181818181819,-102.0,-92.6842105263158,-108.0,-92.92307692307692,-108.0,-90.64285714285714,-87.77777777777777,-98.5,-99.57142857142857,-89.73846153846154,-108.0,-93.28571428571429,-108.0,-108.0,-108.0,-94.58333333333333,-108.0,-108.0,-102.66666666666667,-108.0,-108.0,-108.0,-108.0,-91.38461538461539,-84.28571428571429,-82.85,-87.47058823529412,-83.23913043478261,-79.8,60.0,64.75,0.0,1.0,1.0
-94.58823529411765,-103.83333333333333,-92.3076923076923,-108.0,-108.0,-108.0,-87.28571428571429,-83.6875,-98.0909090909091,-97.9,-89.6,-108.0,-89.25,-108.0,-108.0,-108.0,-91.07142857142857,-108.0,-108.0,-99.0,-108.0,-108.0,-108.0,-108.0,-89.05555555555556,-83.05,-76.76041666666667,-88.11428571428571,-82.13207547169812,-84.03389830508475,44.99,52.03,0.0,1.0,1.0
-108.0,-108.0,-108.0,-108.0,-108.0,-108.0,-102.5,-100.22222222222223,-92.76923076923077,-108.0,-108.0,-108.0,-108.0,-108.0,-108.0,-108.0,-106.66666666666667,-108.0,-108.0,-103.83333333333333,-108.0,-104.85714285714286,-108.0,-108.0,-99.1,-89.84905660377359,-92.11627906976744,-95.0,-93.375,-97.33333333333333,72.62,65.36,0.0,1.0,1.0
-98.5,-108.0,-94.73333333333333,-108.0,-108.0,-108.0,-92.81818181818181,-89.70967741935483,-103.0,-98.25,-90.81481481481481,-108.0,-108.0,-108.0,-108.0,-108.0,-92.89473684210526,-108.0,-108.0,-106.33333333333333,-108.0,-108.0,-108.0,-108.0,-90.3170731707317,-85.4235294117647,-89.30952380952381,-89.71698113207547,-86.77551020408163,-85.3972602739726,63.57,56.27,0.0,1.0,1.0
-89.53125,-93.25,-94.47368421052632,-108.0,-98.1,-108.0,-89.57232704402516,-88.74468085106383,-94.76923076923077,-94.68571428571428,-86.77083333333333,-108.0,-93.68888888888888,-108.0,-108.0,-108.0,-91.87912087912088,-108.0,-108.0,-94.725,-108.0,-108.0,-108.0,-108.0,-89.77922077922078,-74.30685920577618,-88.38916256157636,-88.25324675324676,-87.24698795180723,-83.63687150837988,53.3,45.94,0.0,1.0,1.0
-92.93333333333334,-108.0,-94.9090909090909,-108.0,-91.0,-108.0,-103.16666666666667,-91.66666666666667,-108.0,-108.0,-98.66666666666667,-108.0,-90.4,-108.0,-108.0,-108.0,-91.6,-108.0,-108.0,-96.0,-108.0,-103.57142857142857,-108.0,-108.0,-82.91666666666667,-71.04651162790698,-85.96153846153847,-88.29629629629629,-81.17857142857143,-88.5,50.25,34.66,0.0,1.0,1.0
-94.4,-108.0,-102.5,-108.0,-97.7,-108.0,-89.14285714285714,-91.5,-108.0,-98.15384615384616,-88.90322580645162,-108.0,-104.0,-108.0,-108.0,-108.0,-89.77272727272727,-108.0,-108.0,-95.2,-108.0,-97.15384615384616,-108.0,-108.0,-84.83333333333333,-75.89795918367346,-88.27450980392157,-87.42424242424242,-79.4,-85.0576923076923,60.47,44.45,0.0,1.0,1.0
-103.0,-108.0,-108.0,-108.0,-102.16666666666667,-108.0,-95.11111111111111,-88.375,-95.4,-96.88888888888889,-90.12903225806451,-108.0,-99.0,-108.0,-108.0,-108.0,-91.65625,-108.0,-108.0,-98.0,-108.0,-91.84375,-108.0,-108.0,-89.96428571428571,-83.6046511627907,-88.7948717948718,-91.73333333333333,-81.05555555555556,-86.06976744186046,70.96,43.78,0.0,1.0,1.0
-108.0,-108.0,-100.375,-108.0,-101.5,-108.0,-88.11111111111111,-90.71875,-103.5,-93.57142857142857,-91.38888888888889,-108.0,-96.25,-108.0,-108.0,-108.0,-93.7,-108.0,-108.0,-92.37209302325581,-102.33333333333333,-92.35897435897436,-108.0,-108.0,-92.61904761904762,-85.92063492063492,-89.84375,-93.38461538461539,-82.78461538461538,-87.8974358974359,82.73,44.16,0.0,1.0,1.0
-108.0,-108.0,-108.0,-108.0,-105.66666666666667,-108.0,-94.41666666666667,-103.57142857142857,-95.66666666666667,-104.66666666666667,-96.57142857142857,-108.0,-108.0,-108.0,-108.0,-108.0,-108.0,-108.0,-108.0,-95.5,-108.0,-101.375,-108.0,-108.0,-89.6923076923077,-84.17699115044248,-94.0909090909091,-91.5625,-90.67567567567568,-89.15555555555555,88.68,24.87,0.0,1.0,1.0
-108.0,-108.0,-108.0,-108.0,-108.0,-108.0,-108.0,-108.0,-101.14285714285714,-108.0,-108.0,-108.0,-108.0,-108.0,-108.0,-108.0,-108.0,-108.0,-108.0,-97.3,-94.0625,-92.47272727272727,-94.63636363636364,-105.42857142857143,-108.0,-94.35714285714286,-108.0,-108.0,-108.0,-103.28571428571429,85.68,24.87,0.0,1.0,1.0
-89.85,-106.16666666666667,-95.33333333333333,-104.0,-91.27272727272727,-108.0,-89.8,-91.2,-108.0,-108.0,-100.14285714285714,-108.0,-87.71111111111111,-108.0,-108.0,-108.0,-86.57971014492753,-108.0,-108.0,-93.15789473684211,-108.0,-108.0,-108.0,-108.0,-72.64179104477611,-79.04054054054055,-82.41791044776119,-87.59649122807018,-85.71875,-90.75862068965517,39.92,34.61,0.0,1.0,1.0
-108.0,-108.0,-108.0,-108.0,-108.0,-108.0,-108.0,-108.0,-108.0,-108.0,-108.0,-108.0,-106.5,-108.0,-94.72972972972973,-108.0,-108.0,-108.0,-108.0,-104.5,-104.14285714285714,-108.0,-99.5,-108.0,-108.0,-95.0,-108.0,-108.0,-108.0,-92.82142857142857,49.8,0.0,0.0,1.0,1.0
-78.9298245614035,-95.3125,-91.11111111111111,-102.28571428571429,-90.03703703703704,-108.0,-91.03448275862068,-93.07142857142857,-106.33333333333333,-108.0,-108.0,-108.0,-93.07142857142857,-108.0,-108.0,-108.0,-89.80952380952381,-108.0,-108.0,-108.0,-108.0,-108.0,-108.0,-108.0,-88.11538461538461,-90.3913043478261,-69.05208333333333,-76.3625,-89.81818181818181,-82.48571428571428,24.45,53.66,0.0,1.0,1.0
-108.0,-108.0,-108.0,-108.0,-108.0,-108.0,-108.0,-93.16326530612245,-92.2051282051282,-99.2,-108.0,-108.0,-108.0,-108.0,-108.0,-108.0,-108.0,-108.0,-108.0,-108.0,-108.0,-106.5,-108.0,-108.0,-108.0,-108.0,-108.0,-108.0,-90.28301886792453,-108.0,55.13,95.45,0.0,1.0,1.0
-88.7421875,-94.97101449275362,-109.0,-106.33333333333333,-109.0,-109.0,-95.42,-90.85,-109.0,-109.0,-109.0,-109.0,-109.0,-109.0,-109.0,-109.0,-109.0,-109.0,-109.0,-109.0,-109.0,-109.0,-109.0,-109.0,-109.0,-109.0,-92.68888888888888,-94.3913043478261,-96.5,-86.08910891089108,26.531,64.739,0.0,1.0,1.0
-78.21290322580646,-87.28448275862068,-91.0,-93.18987341772151,-109.0,-109.0,-103.0,-109.0,-109.0,-109.0,-109.0,-109.0,-109.0,-109.0,-109.0,-109.0,-109.0,-109.0,-109.0,-109.0,-109.0,-109.0,-109.0,-109.0,-109.0,-109.0,-89.82727272727273,-95.18181818181819,-109.0,-92.41509433962264,22.406,66.138,0.0,1.0,1.0
-77.88235294117646,-89.1923076923077,-87.94366197183099,-90.38235294117646,-94.48076923076923,-109.0,-92.5,-109.0,-109.0,-109.0,-109.0,-109.0,-109.0,-109.0,-109.0,-109.0,-109.0,-109.0,-109.0,-109.0,-109.0,-109.0,-109.0,-109.0,-109.0,-107.5,-90.01298701298701,-90.49166666666666,-109.0,-109.0,16.466,60.593,0.0,1.0,1.0
-77.98203592814372,-84.32098765432099,-93.9090909090909,-80.54146341463415,-102.0,-86.51851851851852,-109.0,-109.0,-109.0,-109.0,-109.0,-109.0,-109.0,-109.0,-109.0,-109.0,-109.0,-109.0,-109.0,-109.0,-109.0,-109.0,-109.0,-109.0,-109.0,-109.0,-97.0,-107.33333333333333,-109.0,-109.0,11.904,64.488,0.0,1.0,1.0
-84.74166666666666,-87.68571428571428,-93.13333333333334,-79.296875,-99.16666666666667,-91.27826086956522,-109.0,-109.0,-109.0,-109.0,-109.0,-109.0,-109.0,-109.0,-109.0,-109.0,-109.0,-109.0,-109.0,-109.0,-109.0,-109.0,-109.0,-109.0,-109.0,-109.0,-109.0,-105.28571428571429,-109.0,-109.0,6.0385,62.374,0.0,1.0,1.0
-87.46625766871166,-88.52941176470588,-104.28571428571429,-86.81443298969072,-109.0,-97.8,-109.0,-109.0,-109.0,-109.0,-109.0,-109.0,-109.0,-109.0,-109.0,-109.0,-109.0,-109.0,-109.0,-109.0,-109.0,-109.0,-109.0,-109.0,-109.0,-109.0,-109.0,-101.625,-109.0,-109.0,6.9862,59.606,0.0,1.0,1.0
-84.24468085106383,-77.64220183486239,-90.6774193548387,-90.66447368421052,-94.9,-96.21052631578948,-109.0,-109.0,-109.0,-109.0,-109.0,-109.0,-109.0,-109.0,-109.0,-109.0,-109.0,-109.0,-109.0,-109.0,-109.0,-109.0,-109.0,-109.0,-109.0,-109.0,-109.0,-109.0,-109.0,-109.0,3.3155,67.672,0.0,1.0,1.0
-84.5,-78.41573033707866,-92.45454545454545,-81.34117647058824,-92.46511627906976,-90.48979591836735,-109.0,-109.0,-109.0,-109.0,-109.0,-109.0,-109.0,-109.0,-109.0,-109.0,-109.0,-109.0,-109.0,-109.0,-109.0,-109.0,-109.0,-109.0,-109.0,-109.0,-109.0,-109.0,-109.0,-109.0,7.6611,66.339,0.0,1.0,1.0
-89.04545454545455,-95.32,-92.57142857142857,-98.14285714285714,-107.33333333333333,-109.0,-86.12698412698413,-96.88461538461539,-109.0,-109.0,-109.0,-109.0,-109.0,-109.0,-109.0,-109.0,-109.0,-109.0,-109.0,-109.0,-109.0,-109.0,-109.0,-109.0,-109.0,-109.0,-95.88888888888889,-99.625,-109.0,-109.0,19.999,61.869,3.5,1.0,1.0
-84.20261437908496,-93.17647058823529,-83.16216216216216,-93.5,-90.6030534351145,-109.0,-88.74380165289256,-109.0,-109.0,-109.0,-109.0,-109.0,-109.0,-109.0,-109.0,-109.0,-106.83333333333333,-109.0,-109.0,-109.0,-109.0,-109.0,-109.0,-109.0,-95.35714285714286,-109.0,-94.43478260869566,-109.0,-109.0,-109.0,34.103,67.403,3.5,1.0,1.0
-79.62176165803109,-86.06802721088435,-81.07299270072993,-80.0934065934066,-82.375,-88.30392156862744,-109.0,-109.0,-109.0,-109.0,-109.0,-109.0,-109.0,-109.0,-109.0,-109.0,-109.0,-109.0,-109.0,-109.0,-109.0,-109.0,-109.0,-109.0,-109.0,-109.0,-97.14285714285714,-109.0,-109.0,-109.0,15.254,63.231,3.5,1.0,1.0
-87.51937984496124,-92.6086956521739,-79.80272108843538,-88.77443609022556,-82.41081081081082,-92.96153846153847,-109.0,-109.0,-109.0,-109.0,-109.0,-109.0,-109.0,-109.0,-109.0,-109.0,-105.33333333333333,-109.0,-109.0,-109.0,-109.0,-109.0,-109.0,-109.0,-109.0,-109.0,-92.88785046728972,-94.0,-109.0,-95.27777777777777,16.531,60.683,3.5,1.0,1.0
-91.24161073825503,-83.2547770700637,-84.80898876404494,-81.71264367816092,-87.875,-85.25185185185185,-109.0,-109.0,-109.0,-109.0,-109.0,-109.0,-109.0,-109.0,-109.0,-109.0,-109.0,-109.0,-109.0,-109.0,-109.0,-109.0,-109.0,-109.0,-109.0,-109.0,-109.0,-109.0,-109.0,-109.0,11.902,64.008,3.5,1.0,1.0
-94.22916666666667,-90.36363636363636,-89.73134328358209,-82.54143646408839,-94.26190476190476,-83.54014598540147,-109.0,-109.0,-109.0,-109.0,-109.0,-109.0,-109.0,-109.0,-109.0,-109.0,-109.0,-109.0,-109.0,-109.0,-109.0,-109.0,-109.0,-109.0,-109.0,-109.0,-109.0,-102.71428571428571,-109.0,-109.0,5.9454,62.384,3.5,1.0,1.0
-93.5,-91.82905982905983,-90.9622641509434,-83.56571428571428,-94.50847457627118,-87.70731707317073,-109.0,-109.0,-109.0,-109.0,-109.0,-109.0,-109.0,-109.0,-109.0,-109.0,-109.0,-109.0,-109.0,-109.0,-109.0,-109.0,-109.0,-109.0,-109.0,-109.0,-109.0,-109.0,-109.0,-109.0,7.6491,58.986,3.5,1.0,1.0
-92.20952380952382,-86.46706586826348,-89.62295081967213,-72.49339207048457,-91.36986301369863,-86.9074074074074,-109.0,-109.0,-109.0,-109.0,-109.0,-109.0,-109.0,-109.0,-109.0,-109.0,-109.0,-109.0,-109.0,-109.0,-109.0,-109.0,-109.0,-109.0,-109.0,-109.0,-109.0,-109.0,-109.0,-109.0,3.4964,67.548,3.5,1.0,1.0
-94.54285714285714,-83.35393258426966,-86.91566265060241,-82.06282722513089,-92.75510204081633,-91.90990990990991,-109.0,-109.0,-109.0,-109.0,-109.0,-109.0,-109.0,-109.0,-109.0,-109.0,-109.0,-109.0,-109.0,-109.0,-109.0,-109.0,-109.0,-109.0,-109.0,-109.0,-109.0,-109.0,-109.0,-109.0,9.2642,69.883,3.5,1.0,1.0
-94.54545454545455,-109.0,-85.23,-94.64788732394366,-89.55151515151515,-97.4,-94.46666666666667,-109.0,-109.0,-109.0,-109.0,-109.0,-109.0,-109.0,-109.0,-109.0,-109.0,-109.0,-109.0,-109.0,-109.0,-109.0,-109.0,-109.0,-109.0,-109.0,-95.14285714285714,-93.5,-109.0,-99.9,6.9484,67.585,7.0,1.0,1.0
-94.25714285714285,-109.0,-87.56382978723404,-96.41791044776119,-78.3529411764706,-92.04109589041096,-109.0,-109.0,-109.0,-109.0,-109.0,-109.0,-109.0,-109.0,-109.0,-109.0,-109.0,-109.0,-109.0,-109.0,-109.0,-109.0,-109.0,-109.0,-109.0,-109.0,-109.0,-109.0,-109.0,-109.0,19.999,61.869,7.0,1.0,1.0
-93.73684210526316,-106.16666666666667,-88.07058823529412,-89.84353741496598,-71.19730941704036,-89.38571428571429,-109.0,-109.0,-109.0,-109.0,-109.0,-109.0,-109.0,-109.0,-109.0,-109.0,-109.0,-109.0,-109.0,-109.0,-109.0,-109.0,-109.0,-109.0,-109.0,-109.0,-109.0,-109.0,-109.0,-109.0,15.2,63.404,7.0,1.0,1.0
-96.07142857142857,-107.5,-88.64556962025317,-92.33333333333333,-70.14646464646465,-89.34653465346534,-109.0,-109.0,-109.0,-109.0,-109.0,-109.0,-109.0,-109.0,-109.0,-109.0,-109.0,-109.0,-109.0,-109.0,-109.0,-109.0,-109.0,-109.0,-109.0,-109.0,-95.0,-93.75,-98.25,-98.42857142857143,16.563,60.686,7.0,1.0,1.0
-98.11111111111111,-94.01851851851852,-94.45161290322581,-87.39512195121951,-80.29047619047618,-85.75483870967741,-109.0,-109.0,-109.0,-109.0,-109.0,-109.0,-109.0,-109.0,-109.0,-109.0,-109.0,-109.0,-109.0,-109.0,-109.0,-109.0,-109.0,-109.0,-109.0,-109.0,-109.0,-109.0,-109.0,-109.0,11.9,63.859,7.0,1.0,1.0
-109.0,-94.76785714285714,-94.3225806451613,-80.14285714285714,-89.27428571428571,-75.32065217391305,-109.0,-109.0,-109.0,-109.0,-109.0,-109.0,-109.0,-109.0,-109.0,-109.0,-109.0,-109.0,-109.0,-109.0,-109.0,-109.0,-109.0,-109.0,-109.0,-109.0,-109.0,-109.0,-109.0,-109.0,6.1709,62.351,7.0,1.0,1.0
-109.0,-97.84615384615384,-101.33333333333333,-81.41624365482234,-88.0340909090909,-82.76363636363637,-109.0,-109.0,-109.0,-109.0,-109.0,-109.0,-109.0,-109.0,-109.0,-109.0,-109.0,-109.0,-109.0,-109.0,-109.0,-109.0,-109.0,-109.0,-109.0,-109.0,-109.0,-109.0,-109.0,-109.0,7.5764,59.548,7.0,1.0,1.0
-107.66666666666667,-92.26041666666667,-98.52631578947368,-85.93896713615024,-79.16901408450704,-84.26993865030674,-109.0,-109.0,-109.0,-109.0,-109.0,-109.0,-109.0,-109.0,-109.0,-109.0,-109.0,-109.0,-109.0,-109.0,-109.0,-109.0,-109.0,-109.0,-109.0,-109.0,-109.0,-109.0,-109.0,-109.0,9.7223,70.023,7.0,1.0,1.0
-109.0,-95.7741935483871,-98.73913043478261,-93.93333333333334,-81.90049751243781,-80.01694915254237,-109.0,-109.0,-109.0,-109.0,-109.0,-109.0,-109.0,-109.0,-109.0,-109.0,-109.0,-109.0,-109.0,-109.0,-109.0,-109.0,-109.0,-109.0,-109.0,-109.0,-109.0,-109.0,-109.0,-109.0,13.241,71.635,7.0,1.0,1.0
-93.53333333333333,-107.66666666666667,-109.0,-109.0,-109.0,-109.0,-92.21739130434783,-88.16129032258064,-109.0,-109.0,-109.0,-109.0,-109.0,-109.0,-109.0,-109.0,-109.0,-109.0,-109.0,-109.0,-109.0,-109.0,-109.0,-109.0,-105.33333333333333,-109.0,-86.79310344827586,-85.06557377049181,-109.0,-89.27272727272727,29.9,65.97,3.5,1.0,1.0
-90.96428571428571,-102.75,-109.0,-109.0,-109.0,-109.0,-94.0,-94.33962264150944,-102.66666666666667,-109.0,-109.0,-109.0,-109.0,-109.0,-109.0,-109.0,-109.0,-109.0,-109.0,-109.0,-109.0,-109.0,-109.0,-109.0,-109.0,-109.0,-94.46153846153847,-93.83333333333333,-109.0,-95.88888888888889,20.181,67.895,0.0,1.0,1.0
-89.4391891891892,-99.125,-109.0,-109.0,-97.0909090909091,-109.0,-91.5,-98.11111111111111,-95.52,-109.0,-95.54545454545455,-109.0,-109.0,-109.0,-109.0,-109.0,-109.0,-109.0,-109.0,-109.0,-109.0,-109.0,-109.0,-109.0,-101.375,-109.0,-86.67241379310344,-95.96,-109.0,-95.46153846153847,25.653,75.316,0.0,1.0,1.0
-91.94594594594595,-109.0,-109.0,-109.0,-109.0,-109.0,-93.20408163265306,-87.75,-109.0,-109.0,-109.0,-109.0,-109.0,-109.0,-109.0,-109.0,-109.0,-109.0,-109.0,-109.0,-109.0,-109.0,-109.0,-109.0,-94.87037037037037,-109.0,-95.14,-81.84042553191489,-109.0,-87.58461538461539,33.713,67.455,0.0,1.0,1.0
-92.08333333333333,-98.75,-109.0,-109.0,-109.0,-109.0,-109.0,-81.26744186046511,-95.03571428571429,-100.8,-109.0,-109.0,-109.0,-109.0,-109.0,-109.0,-109.0,-109.0,-109.0,-109.0,-109.0,-109.0,-109.0,-109.0,-109.0,-109.0,-93.65625,-90.76470588235294,-109.0,-93.76,36.211,71.41,0.0,1.0,1.0
-109.0,-109.0,-109.0,-109.0,-109.0,-109.0,-105.0,-76.24736842105263,-89.52727272727273,-91.46,-95.73529411764706,-109.0,-109.0,-109.0,-109.0,-109.0,-109.0,-109.0,-109.0,-109.0,-109.0,-109.0,-109.0,-109.0,-109.0,-109.0,-109.0,-109.0,-109.0,-91.97058823529412,42.615,71.704,0.0,1.0,1.0
-109.0,-109.0,-109.0,-109.0,-109.0,-109.0,-109.0,-86.66666666666667,-76.24657534246575,-92.7,-109.0,-109.0,-109.0,-109.0,-109.0,-109.0,-109.0,-109.0,-109.0,-109.0,-109.0,-109.0,-109.0,-109.0,-109.0,-109.0,-109.0,-109.0,-109.0,-102.57142857142857,40.068,81.524,0.0,1.0,1.0
-109.0,-109.0,-109.0,-109.0,-109.0,-109.0,-109.0,-92.27950310559007,-88.97345132743362,-87.44954128440367,-109.0,-109.0,-109.0,-109.0,-109.0,-109.0,-109.0,-109.0,-109.0,-109.0,-109.0,-109.0,-109.0,-109.0,-109.0,-109.0,-109.0,-109.0,-109.0,-109.0,50.692,76.104,0.0,1.0,1.0
-109.0,-109.0,-109.0,-109.0,-109.0,-109.0,-109.0,-65.29468599033817,-82.86206896551724,-85.925,-98.7,-109.0,-109.0,-109.0,-109.0,-109.0,-109.0,-109.0,-109.0,-109.0,-109.0,-109.0,-109.0,-109.0,-109.0,-109.0,-107.33333333333333,-95.82608695652173,-109.0,-95.17333333333333,44.88,80.603,3.5,1.0,1.0
-109.0,-109.0,-109.0,-109.0,-109.0,-109.0,-88.71621621621621,-86.13541666666667,-109.0,-103.57142857142857,-103.16666666666667,-109.0,-109.0,-109.0,-109.0,-109.0,-109.0,-109.0,-109.0,-109.0,-109.0,-109.0,-109.0,-109.0,-109.0,-109.0,-102.66666666666667,-109.0,-109.0,-90.43103448275862,37.741,70.841,3.5,1.0,1.0
-109.0,-109.0,-109.0,-109.0,-109.0,-109.0,-93.72,-82.58585858585859,-94.01886792452831,-91.98076923076923,-91.75700934579439,-109.0,-109.0,-109.0,-109.0,-109.0,-109.0,-109.0,-109.0,-109.0,-109.0,-109.0,-109.0,-109.0,-109.0,-109.0,-109.0,-109.0,-109.0,-92.38571428571429,38.116,72.221,3.5,1.0,1.0
-109.0,-109.0,-109.0,-109.0,-109.0,-109.0,-109.0,-86.82530120481928,-90.43137254901961,-87.10526315789474,-86.46198830409357,-109.0,-109.0,-109.0,-109.0,-109.0,-109.0,-109.0,-109.0,-109.0,-109.0,-109.0,-109.0,-109.0,-109.0,-109.0,-109.0,-109.0,-109.0,-106.83333333333333,41.723,73.636,3.5,1.0,1.0
-109.0,-109.0,-109.0,-109.0,-109.0,-109.0,-109.0,-94.14285714285714,-82.49019607843137,-82.51020408163265,-94.71014492753623,-109.0,-109.0,-109.0,-109.0,-109.0,-109.0,-109.0,-109.0,-109.0,-109.0,-109.0,-109.0,-109.0,-109.0,-109.0,-109.0,-109.0,-109.0,-109.0,40.068,81.524,3.5,1.0,1.0
-109.0,-109.0,-109.0,-109.0,-109.0,-109.0,-109.0,-94.34146341463415,-86.01923076923077,-81.97196261682242,-94.19736842105263,-109.0,-109.0,-109.0,-109.0,-109.0,-109.0,-109.0,-109.0,-109.0,-109.0,-109.0,-109.0,-109.0,-109.0,-109.0,-109.0,-109.0,-109.0,-109.0,46.58,84.303,3.5,1.0,1.0
-109.0,-109.0,-109.0,-109.0,-109.0,-109.0,-109.0,-95.11538461538461,-109.0,-90.93333333333334,-86.14857142857143,-109.0,-109.0,-109.0,-109.0,-109.0,-109.0,-109.0,-109.0,-109.0,-109.0,-109.0,-109.0,-109.0,-109.0,-109.0,-109.0,-109.0,-109.0,-90.84810126582279,37.741,70.841,7.0,1.0,1.0
-109.0,-109.0,-109.0,-109.0,-109.0,-109.0,-109.0,-92.95348837209302,-106.5,-91.96,-71.48165137614679,-109.0,-109.0,-109.0,-109.0,-109.0,-109.0,-109.0,-109.0,-109.0,-109.0,-109.0,-109.0,-109.0,-109.0,-109.0,-109.0,-109.0,-109.0,-98.71428571428571,38.116,72.221,7.0,1.0,1.0
-109.0,-109.0,-109.0,-109.0,-109.0,-109.0,-109.0,-93.82666666666667,-102.125,-92.75,-72.13690476190476,-109.0,-109.0,-109.0,-109.0,-109.0,-109.0,-109.0,-109.0,-109.0,-109.0,-109.0,-109.0,-109.0,-109.0,-109.0,-109.0,-109.0,-109.0,-100.5,41.781,73.696,7.0,1.0,1.0
-109.0,-109.0,-109.0,-109.0,-109.0,-109.0,-109.0,-94.91836734693878,-109.0,-88.74489795918367,-69.20642201834862,-109.0,-109.0,-109.0,-109.0,-109.0,-109.0,-109.0,-109.0,-109.0,-109.0,-109.0,-109.0,-109.0,-109.0,-109.0,-95.79166666666667,-96.6,-107.16666666666667,-95.98275862068965,43.136,70.993,7.0,1.0,1.0
-109.0,-109.0,-109.0,-109.0,-109.0,-109.0,-109.0,-109.0,-92.11363636363636,-88.4390243902439,-81.48743718592965,-109.0,-109.0,-109.0,-109.0,-109.0,-109.0,-109.0,-109.0,-109.0,-109.0,-109.0,-109.0,-109.0,-109.0,-109.0,-109.0,-109.0,-109.0,-109.0,40.238,81.866,7.0,1.0,1.0
-109.0,-109.0,-109.0,-109.0,-109.0,-109.0,-109.0,-103.0,-93.35135135135135,-94.16326530612245,-86.08333333333333,-109.0,-109.0,-109.0,-109.0,-109.0,-109.0,-109.0,-109.0,-109.0,-109.0,-109.0,-109.0,-109.0,-109.0,-109.0,-109.0,-109.0,-109.0,-109.0,36.19,80.345,7.0,1.0,1.0
-109.0,-109.0,-109.0,-109.0,-109.0,-109.0,-109.0,-106.0,-93.7910447761194,-90.91549295774648,-88.04117647058824,-109.0,-109.0,-109.0,-109.0,-109.0,-109.0,-109.0,-109.0,-109.0,-109.0,-109.0,-109.0,-109.0,-109.0,-109.0,-109.0,-109.0,-109.0,-109.0,46.451,84.318,7.0,1.0,1.0
-109.0,-109.0,-109.0,-109.0,-109.0,-109.0,-109.0,-109.0,-91.47058823529412,-85.16666666666667,-88.50694444444444,-109.0,-109.0,-109.0,-109.0,-109.0,-109.0,-109.0,-109.0,-109.0,-109.0,-109.0,-109.0,-109.0,-109.0,-109.0,-109.0,-109.0,-109.0,-109.0,49.154,79.04,7.0,1.0,1.0
-109.0,-109.0,-109.0,-109.0,-109.0,-109.0,-109.0,-109.0,-99.375,-83.71153846153847,-84.33165829145729,-109.0,-109.0,-109.0,-109.0,-109.0,-109.0,-109.0,-109.0,-109.0,-109.0,-109.0,-109.0,-109.0,-109.0,-109.0,-109.0,-109.0,-109.0,-109.0,50.652,76.052,7.0,1.0,1.0
-109.0,-109.0,-109.0,-109.0,-94.14285714285714,-109.0,-109.0,-109.0,-109.0,-109.0,-109.0,-109.0,-93.92105263157895,-109.0,-109.0,-109.0,-109.0,-109.0,-109.0,-96.0,-109.0,-109.0,-109.0,-109.0,-92.45,-99.0,-94.93333333333334,-104.57142857142857,-94.38181818181818,-106.66666666666667,46.66,25.322,0.0,1.0,1.0
-109.0,-109.0,-109.0,-109.0,-109.0,-109.0,-109.0,-109.0,-109.0,-109.0,-109.0,-109.0,-84.33187772925764,-109.0,-109.0,-109.0,-107.33333333333333,-109.0,-109.0,-109.0,-109.0,-109.0,-109.0,-109.0,-106.83333333333333,-98.58333333333333,-109.0,-109.0,-102.28571428571429,-109.0,41.59,21.832,0.0,1.0,1.0
-109.0,-109.0,-109.0,-109.0,-109.0,-109.0,-109.0,-109.0,-109.0,-109.0,-109.0,-109.0,-76.47368421052632,-109.0,-97.0,-94.1470588235294,-101.66666666666667,-109.0,-109.0,-109.0,-109.0,-109.0,-109.0,-109.0,-97.76923076923077,-107.66666666666667,-94.28125,-109.0,-109.0,-109.0,34.98,22.992,0.0,1.0,1.0
-109.0,-109.0,-109.0,-109.0,-109.0,-109.0,-109.0,-109.0,-109.0,-109.0,-109.0,-109.0,-92.83870967741936,-109.0,-92.06481481481481,-83.87234042553192,-109.0,-109.0,-109.0,-109.0,-109.0,-109.0,-109.0,-109.0,-109.0,-109.0,-109.0,-109.0,-109.0,-109.0,31.9,14.852,0.0,1.0,1.0
-109.0,-109.0,-109.0,-109.0,-109.0,-109.0,-109.0,-109.0,-109.0,-109.0,-109.0,-109.0,-95.52380952380952,-109.0,-80.14606741573034,-84.34246575342466,-109.0,-109.0,-109.0,-109.0,-109.0,-109.0,-109.0,-109.0,-109.0,-109.0,-109.0,-109.0,-109.0,-109.0,28.83,7.202,0.0,1.0,1.0
-109.0,-109.0,-109.0,-109.0,-109.0,-109.0,-109.0,-109.0,-109.0,-109.0,-109.0,-109.0,-92.56756756756756,-109.0,-84.14917127071823,-86.61224489795919,-94.52941176470588,-109.0,-109.0,-109.0,-109.0,-109.0,-109.0,-109.0,-109.0,-109.0,-109.0,-109.0,-109.0,-109.0,21.56,10.222,0.0,1.0,1.0
-109.0,-109.0,-109.0,-109.0,-109.0,-109.0,-109.0,-109.0,-109.0,-109.0,-109.0,-109.0,-87.07462686567165,-109.0,-85.95808383233533,-85.09714285714286,-105.16666666666667,-109.0,-109.0,-109.0,-109.0,-109.0,-109.0,-109.0,-109.0,-109.0,-109.0,-109.0,-109.0,-109.0,24.61,17.702,0.0,1.0,1.0
-109.0,-109.0,-109.0,-109.0,-109.0,-109.0,-109.0,-109.0,-109.0,-109.0,-109.0,-109.0,-76.77966101694915,-109.0,-109.0,-109.0,-95.1063829787234,-109.0,-109.0,-93.96363636363637,-109.0,-109.0,-109.0,-109.0,-94.92,-109.0,-109.0,-109.0,-109.0,-109.0,44.29,25.362,1.75,1.0,1.0
-109.0,-109.0,-109.0,-109.0,-109.0,-109.0,-109.0,-109.0,-109.0,-109.0,-109.0,-109.0,-83.97765363128492,-109.0,-93.5609756097561,-92.64,-87.05263157894737,-109.0,-109.0,-109.0,-109.0,-109.0,-109.0,-109.0,-105.0,-109.0,-109.0,-109.0,-109.0,-109.0,34.38,25.112,3.5,1.0,1.0
-109.0,-109.0,-109.0,-109.0,-109.0,-109.0,-109.0,-109.0,-109.0,-109.0,-109.0,-109.0,-90.91970802919708,-109.0,-90.16521739130435,-90.53246753246754,-88.23076923076923,-109.0,-109.0,-109.0,-109.0,-109.0,-109.0,-109.0,-109.0,-109.0,-109.0,-109.0,-109.0,-109.0,34.19,20.032,3.5,1.0,1.0
-109.0,-109.0,-109.0,-109.0,-109.0,-109.0,-109.0,-109.0,-109.0,-109.0,-109.0,-109.0,-93.36666666666666,-109.0,-81.54010695187166,-84.34031413612566,-93.65384615384616,-109.0,-109.0,-109.0,-109.0,-109.0,-109.0,-109.0,-109.0,-109.0,-109.0,-109.0,-109.0,-109.0,31.93,12.962,3.5,1.0,1.0
-109.0,-109.0,-109.0,-109.0,-109.0,-109.0,-109.0,-109.0,-109.0,-109.0,-109.0,-109.0,-95.54545454545455,-109.0,-77.3625,-83.37588652482269,-93.36585365853658,-109.0,-109.0,-109.0,-109.0,-109.0,-109.0,-109.0,-109.0,-109.0,-109.0,-109.0,-109.0,-109.0,26.65,7.202,3.5,1.0,1.0
-109.0,-109.0,-109.0,-109.0,-109.0,-109.0,-109.0,-109.0,-109.0,-109.0,-109.0,-109.0,-94.76470588235294,-109.0,-86.95973154362416,-74.72916666666667,-93.79069767441861,-109.0,-109.0,-109.0,-109.0,-109.0,-109.0,-109.0,-109.0,-109.0,-109.0,-109.0,-109.0,-109.0,21.54,12.982,3.5,1.0,1.0
-109.0,-109.0,-109.0,-109.0,-109.0,-109.0,-109.0,-109.0,-109.0,-109.0,-109.0,-109.0,-92.91666666666667,-109.0,-85.80473372781066,-76.58823529411765,-94.4054054054054,-109.0,-109.0,-109.0,-109.0,-109.0,-109.0,-109.0,-109.0,-109.0,-109.0,-109.0,-109.0,-109.0,26.62,17.802,3.5,1.0,1.0
-109.0,-109.0,-109.0,-109.0,-109.0,-109.0,-109.0,-109.0,-109.0,-109.0,-109.0,-109.0,-109.0,-109.0,-89.18032786885246,-84.5421052631579,-107.16666666666667,-109.0,-109.0,-109.0,-109.0,-109.0,-109.0,-109.0,-109.0,-109.0,-109.0,-109.0,-109.0,-109.0,21.2,20.962,3.5,1.0,1.0
-109.0,-109.0,-109.0,-109.0,-109.0,-109.0,-109.0,-109.0,-109.0,-109.0,-109.0,-109.0,-109.0,-109.0,-107.83333333333333,-93.84415584415585,-81.83809523809524,-109.0,-109.0,-109.0,-109.0,-109.0,-109.0,-109.0,-109.0,-109.0,-109.0,-109.0,-99.16666666666667,-109.0,39.4,21.462,7.0,1.0,1.0
-109.0,-109.0,-109.0,-109.0,-109.0,-109.0,-109.0,-109.0,-109.0,-109.0,-109.0,-109.0,-93.52459016393442,-109.0,-94.68627450980392,-95.5,-73.14689265536722,-109.0,-109.0,-109.0,-109.0,-109.0,-109.0,-109.0,-109.0,-109.0,-109.0,-109.0,-109.0,-109.0,34.38,25.112,7.0,1.0,1.0
-109.0,-109.0,-109.0,-109.0,-109.0,-109.0,-109.0,-109.0,-109.0,-109.0,-109.0,-109.0,-96.0,-109.0,-105.0,-93.77272727272727,-80.1743119266055,-109.0,-109.0,-109.0,-109.0,-109.0,-109.0,-109.0,-109.0,-109.0,-109.0,-109.0,-109.0,-109.0,34.19,20.032,7.0,1.0,1.0
-109.0,-109.0,-109.0,-109.0,-109.0,-109.0,-109.0,-109.0,-109.0,-109.0,-109.0,-109.0,-109.0,-109.0,-85.7336956521739,-85.70322580645161,-88.57142857142857,-109.0,-109.0,-109.0,-109.0,-109.0,-109.0,-109.0,-109.0,-109.0,-109.0,-109.0,-109.0,-109.0,29.13,17.802,7.0,1.0,1.0
-109.0,-109.0,-109.0,-109.0,-109.0,-109.0,-109.0,-109.0,-109.0,-109.0,-109.0,-109.0,-107.0,-109.0,-82.15,-87.44385026737967,-90.84347826086956,-109.0,-109.0,-109.0,-109.0,-109.0,-109.0,-109.0,-109.0,-109.0,-109.0,-109.0,-109.0,-109.0,26.65,7.202,7.0,1.0,1.0
-109.0,-109.0,-109.0,-109.0,-109.0,-109.0,-109.0,-109.0,-109.0,-109.0,-109.0,-109.0,-107.33333333333333,-109.0,-85.93181818181819,-87.89444444444445,-92.55681818181819,-109.0,-109.0,-109.0,-109.0,-109.0,-109.0,-109.0,-109.0,-109.0,-109.0,-109.0,-109.0,-109.0,21.54,12.982,7.0,1.0,1.0
-109.0,-109.0,-109.0,-109.0,-109.0,-109.0,-109.0,-109.0,-109.0,-109.0,-109.0,-109.0,-109.0,-109.0,-85.60317460317461,-80.70930232558139,-88.26984126984127,-109.0,-109.0,-109.0,-109.0,-109.0,-109.0,-109.0,-109.0,-109.0,-109.0,-109.0,-109.0,-109.0,26.62,17.802,7.0,1.0,1.0
-109.0,-109.0,-109.0,-109.0,-109.0,-109.0,-109.0,-109.0,-109.0,-109.0,-109.0,-109.0,-95.09615384615384,-109.0,-109.0,-109.0,-109.0,-109.0,-109.0,-93.83720930232558,-109.0,-109.0,-109.0,-109.0,-98.3,-94.77358490566037,-109.0,-93.3,-88.58823529411765,-109.0,48.81,17.462,0.0,1.0,1.0
-109.0,-109.0,-109.0,-109.0,-109.0,-109.0,-109.0,-109.0,-109.0,-109.0,-109.0,-109.0,-109.0,-109.0,-109.0,-109.0,-109.0,-109.0,-109.0,-109.0,-109.0,-109.0,-109.0,-109.0,-109.0,-109.0,-109.0,-109.0,-109.0,-109.0,41.96,-4.708,0.0,1.0,1.0
-109.0,-109.0,-109.0,-109.0,-109.0,-109.0,-109.0,-109.0,-109.0,-109.0,-109.0,-109.0,-100.625,-109.0,-98.0,-109.0,-109.0,-109.0,-109.0,-95.42857142857143,-109.0,-109.0,-109.0,-109.0,-100.8,-107.0,-99.375,-109.0,-109.0,-109.0,52.59,24.542,0.0,1.0,1.0
-109.0,-109.0,-109.0,-109.0,-109.0,-109.0,-109.0,-109.0,-109.0,-109.0,-109.0,-109.0,-109.0,-109.0,-101.42857142857143,-109.0,-109.0,-109.0,-109.0,-109.0,-101.28571428571429,-109.0,-109.0,-109.0,-109.0,-109.0,-109.0,-109.0,-109.0,-99.71428571428571,48.75,12.272,0.0,1.0,1.0
-109.0,-109.0,-103.28571428571429,-109.0,-95.82352941176471,-109.0,-109.0,-109.0,-109.0,-109.0,-109.0,-109.0,-104.83333333333333,-109.0,-109.0,-109.0,-109.0,-109.0,-109.0,-90.04545454545455,-109.0,-109.0,-109.0,-109.0,-99.16666666666667,-90.42708333333333,-100.625,-109.0,-96.4,-109.0,50.96,25.292,0.0,1.0,1.0
-109.0,-109.0,-109.0,-109.0,-109.0,-109.0,-109.0,-109.0,-109.0,-109.0,-109.0,-109.0,-109.0,-109.0,-109.0,-109.0,-109.0,-109.0,-109.0,-83.26041666666667,-95.8,-109.0,-109.0,-109.0,-109.0,-94.43243243243244,-109.0,-109.0,-102.25,-109.0,55.91,22.302,0.0,1.0,1.0
-109.0,-109.0,-109.0,-109.0,-109.0,-109.0,-109.0,-109.0,-109.0,-109.0,-109.0,-109.0,-109.0,-109.0,-109.0,-109.0,-109.0,-109.0,-109.0,-67.32608695652173,-97.57142857142857,-109.0,-109.0,-109.0,-109.0,-109.0,-109.0,-109.0,-91.77272727272727,-109.0,63.32,25.022,0.0,1.0,1.0
-109.0,-109.0,-109.0,-109.0,-109.0,-109.0,-109.0,-109.0,-109.0,-109.0,-109.0,-109.0,-109.0,-109.0,-109.0,-109.0,-109.0,-109.0,-109.0,-84.79310344827586,-84.76515151515152,-86.32298136645963,-86.49431818181819,-85.04827586206896,-109.0,-109.0,-109.0,-109.0,-105.66666666666667,-109.0,70.45,17.892,0.0,1.0,1.0
-109.0,-109.0,-109.0,-109.0,-109.0,-109.0,-109.0,-109.0,-109.0,-109.0,-109.0,-109.0,-109.0,-109.0,-109.0,-109.0,-109.0,-109.0,-109.0,-92.30927835051547,-72.98958333333333,-85.35545023696683,-87.23448275862069,-89.54444444444445,-109.0,-109.0,-109.0,-109.0,-109.0,-109.0,70.59,7.162,0.0,1.0,1.0
-109.0,-109.0,-109.0,-109.0,-109.0,-109.0,-109.0,-109.0,-109.0,-109.0,-109.0,-109.0,-88.28235294117647,-109.0,-109.0,-109.0,-109.0,-109.0,-109.0,-84.27272727272727,-107.16666666666667,-109.0,-109.0,-109.0,-109.0,-104.66666666666667,-109.0,-109.0,-99.33333333333333,-109.0,58.18,25.422,1.75,1.0,1.0
-109.0,-109.0,-109.0,-109.0,-109.0,-109.0,-109.0,-109.0,-109.0,-109.0,-109.0,-109.0,-109.0,-109.0,-109.0,-109.0,-109.0,-109.0,-109.0,-92.77777777777777,-103.625,-96.1951219512195,-102.85714285714286,-93.8,-109.0,-109.0,-109.0,-109.0,-109.0,-109.0,58.12,22.022,3.5,1.0,1.0
-109.0,-109.0,-109.0,-109.0,-109.0,-109.0,-109.0,-109.0,-109.0,-109.0,-109.0,-109.0,-109.0,-109.0,-109.0,-109.0,-109.0,-109.0,-109.0,-83.08771929824562,-93.89285714285714,-90.96132596685082,-100.83333333333333,-93.82105263157895,-109.0,-109.0,-109.0,-109.0,-91.77862595419847,-109.0,63.19,25.192,3.5,1.0,1.0
-109.0,-109.0,-109.0,-109.0,-109.0,-109.0,-109.0,-109.0,-109.0,-109.0,-109.0,-109.0,-109.0,-109.0,-109.0,-109.0,-109.0,-109.0,-109.0,-85.58064516129032,-93.29347826086956,-89.87581699346406,-91.74074074074075,-78.47457627118644,-109.0,-109.0,-109.0,-109.0,-109.0,-109.0,63.3,20.412,3.5,1.0,1.0
-109.0,-109.0,-109.0,-109.0,-109.0,-109.0,-109.0,-109.0,-109.0,-109.0,-109.0,-109.0,-109.0,-109.0,-109.0,-109.0,-109.0,-109.0,-109.0,-97.625,-88.4957264957265,-84.40437158469945,-85.0163043478261,-86.57142857142857,-109.0,-109.0,-109.0,-109.0,-109.0,-109.0,70.59,7.162,3.5,1.0,1.0
-109.0,-109.0,-109.0,-109.0,-109.0,-109.0,-109.0,-109.0,-109.0,-109.0,-109.0,-109.0,-109.0,-109.0,-109.0,-109.0,-109.0,-109.0,-109.0,-95.27777777777777,-84.29375,-84.54954954954955,-86.59537572254335,-77.37888198757764,-109.0,-109.0,-109.0,-109.0,-109.0,-109.0,75.69,7.102,3.5,1.0,1.0
-109.0,-109.0,-109.0,-109.0,-109.0,-109.0,-109.0,-109.0,-109.0,-109.0,-109.0,-109.0,-109.0,-109.0,-109.0,-109.0,-109.0,-109.0,-109.0,-93.49618320610686,-109.0,-97.15151515151516,-95.4375,-105.5,-109.0,-109.0,-109.0,-109.0,-92.83116883116882,-107.16666666666667,58.18,25.422,5.25,1.0,1.0
-109.0,-109.0,-109.0,-109.0,-109.0,-109.0,-109.0,-109.0,-109.0,-109.0,-109.0,-109.0,-109.0,-109.0,-109.0,-109.0,-109.0,-109.0,-109.0,-98.63636363636364,-109.0,-109.0,-90.9627659574468,-96.6,-109.0,-109.0,-109.0,-109.0,-109.0,-109.0,58.12,22.022,7.0,1.0,1.0
-109.0,-109.0,-109.0,-109.0,-109.0,-109.0,-109.0,-109.0,-109.0,-109.0,-109.0,-109.0,-109.0,-109.0,-109.0,-109.0,-109.0,-109.0,-109.0,-98.42857142857143,-93.35652173913043,-94.4235294117647,-85.40236686390533,-88.1076923076923,-109.0,-109.0,-109.0,-109.0,-109.0,-109.0,63.3,18.742,7.0,1.0,1.0
-109.0,-109.0,-109.0,-109.0,-109.0,-109.0,-109.0,-109.0,-109.0,-109.0,-109.0,-109.0,-109.0,-109.0,-109.0,-109.0,-109.0,-109.0,-109.0,-109.0,-91.95121951219512,-82.98198198198199,-82.95939086294416,-82.7,-109.0,-109.0,-109.0,-109.0,-109.0,-109.0,76.16,13.002,7.0,1.0,1.0
-109.0,-109.0,-109.0,-109.0,-109.0,-109.0,-109.0,-109.0,-109.0,-109.0,-109.0,-109.0,-109.0,-109.0,-109.0,-109.0,-109.0,-109.0,-109.0,-96.4,-90.7578947368421,-83.07734806629834,-80.54587155963303,-81.11173184357541,-109.0,-109.0,-109.0,-109.0,-109.0,-109.0,70.59,7.162,7.0,1.0,1.0
-109.0,-109.0,-109.0,-109.0,-109.0,-109.0,-109.0,-109.0,-109.0,-109.0,-109.0,-109.0,-109.0,-109.0,-109.0,-109.0,-109.0,-109.0,-109.0,-102.28571428571429,-88.17307692307692,-78.37948717948719,-69.84324324324324,-83.72566371681415,-109.0,-109.0,-109.0,-109.0,-109.0,-109.0,65.7,12.532,7.0,1.0,1.0
-109.0,-109.0,-109.0,-109.0,-109.0,-109.0,-109.0,-109.0,-109.0,-109.0,-109.0,-109.0,-109.0,-109.0,-109.0,-109.0,-109.0,-109.0,-109.0,-109.0,-96.16129032258064,-91.6319018404908,-90.7080745341615,-89.94615384615385,-109.0,-109.0,-109.0,-109.0,-109.0,-109.0,76.6,21.692,7.0,1.0,1.0
-109.0,-109.0,-109.0,-109.0,-109.0,-109.0,-109.0,-109.0,-109.0,-109.0,-109.0,-109.0,-91.11111111111111,-109.0,-109.0,-103.25,-96.6923076923077,-109.0,-109.0,-109.0,-109.0,-109.0,-109.0,-109.0,-92.975,-92.80434782608695,-91.74285714285715,-82.25373134328358,-90.74045801526718,-95.57575757575758,21.8,36.03,0.0,1.0,1.0
-109.0,-109.0,-109.0,-109.0,-109.0,-109.0,-109.0,-109.0,-109.0,-109.0,-109.0,-109.0,-109.0,-109.0,-95.35714285714286,-107.5,-109.0,-109.0,-109.0,-109.0,-96.45454545454545,-109.0,-109.0,-109.0,-109.0,-109.0,-109.0,-109.0,-109.0,-109.0,49.43,8.64,0.0,1.0,1.0
-109.0,-109.0,-109.0,-109.0,-109.0,-109.0,-109.0,-109.0,-109.0,-109.0,-109.0,-109.0,-109.0,-109.0,-109.0,-109.0,-95.9090909090909,-109.0,-109.0,-94.0576923076923,-109.0,-109.0,-109.0,-109.0,-94.09677419354838,-81.83098591549296,-95.83870967741936,-106.14285714285714,-89.92561983471074,-107.33333333333333,58.79,34.41,0.0,1.0,1.0
-109.0,-109.0,-109.0,-109.0,-109.0,-109.0,-109.0,-109.0,-109.0,-109.0,-109.0,-109.0,-109.0,-109.0,-109.0,-109.0,-109.0,-109.0,-109.0,-91.51807228915662,-109.0,-96.07317073170732,-109.0,-109.0,-109.0,-92.22131147540983,-109.0,-102.33333333333333,-91.47019867549669,-105.0,79.29,32.32,0.0,1.0,1.0
-106.66666666666667,-109.0,-109.0,-109.0,-109.0,-109.0,-102.0,-107.0,-109.0,-109.0,-109.0,-109.0,-94.04347826086956,-109.0,-109.0,-109.0,-94.58333333333333,-109.0,-109.0,-109.0,-109.0,-109.0,-109.0,-109.0,-83.6,-86.85714285714286,-86.34507042253522,-91.80745341614907,-92.375,-95.85714285714286,41.57,44.61,0.0,1.0,1.0
-94.04444444444445,-109.0,-103.0,-109.0,-109.0,-109.0,-93.375,-109.0,-109.0,-109.0,-90.65432098765432,-109.0,-109.0,-109.0,-109.0,-109.0,-107.33333333333333,-109.0,-109.0,-109.0,-109.0,-109.0,-109.0,-109.0,-97.27272727272727,-93.88235294117646,-84.29251700680273,-82.10687022900764,-103.85714285714286,-95.54166666666667,22.93,45.39,0.0,1.0,1.0
-99.6,-109.0,-94.42857142857143,-109.0,-109.0,-109.0,-100.0,-106.83333333333333,-109.0,-109.0,-109.0,-109.0,-109.0,-109.0,-109.0,-109.0,-109.0,-109.0,-109.0,-109.0,-109.0,-109.0,-109.0,-109.0,-90.02439024390245,-98.15384615384616,-78.02185792349727,-86.4065934065934,-101.28571428571429,-90.42424242424242,34.25,55.05,0.0,1.0,1.0
-105.57142857142857,-109.0,-107.0,-109.0,-109.0,-109.0,-109.0,-109.0,-109.0,-109.0,-109.0,-109.0,-96.88888888888889,-109.0,-109.0,-109.0,-109.0,-109.0,-109.0,-109.0,-109.0,-109.0,-109.0,-109.0,-107.0,-97.22222222222223,-90.2872340425532,-85.10828025477707,-107.33333333333333,-93.84782608695652,7.28,49.67,0.0,1.0,1.0
-97.0,-109.0,-109.0,-109.0,-109.0,-109.0,-91.96363636363637,-94.9090909090909,-109.0,-107.0,-107.16666666666667,-109.0,-109.0,-109.0,-109.0,-109.0,-105.0,-109.0,-109.0,-107.0,-109.0,-109.0,-109.0,-109.0,-109.0,-99.71428571428571,-91.64601769911505,-90.73,-102.875,-85.44961240310077,45.22,64.91,0.0,1.0,1.0
-90.3076923076923,-94.73684210526316,-109.0,-109.0,-95.3125,-109.0,-105.0,-90.1566265060241,-104.83333333333333,-109.0,-97.6,-109.0,-109.0,-109.0,-109.0,-109.0,-109.0,-109.0,-109.0,-109.0,-109.0,-109.0,-109.0,-109.0,-109.0,-109.0,-85.65714285714286,-109.0,-109.0,-101.33333333333333,25.56,83.27,0.0,1.0,1.0
-97.125,-92.14545454545454,-109.0,-106.66666666666667,-109.0,-109.0,-109.0,-109.0,-109.0,-109.0,-109.0,-109.0,-109.0,-109.0,-109.0,-109.0,-109.0,-109.0,-109.0,-109.0,-109.0,-109.0,-109.0,-109.0,-109.0,-109.0,-109.0,-93.95061728395062,-109.0,-109.0,-1.44,59.59,0.0,1.0,1.0
-109.0,-109.0,-109.0,-109.0,-109.0,-109.0,-109.0,-109.0,-92.29113924050633,-103.0,-109.0,-109.0,-109.0,-109.0,-109.0,-109.0,-109.0,-109.0,-109.0,-109.0,-109.0,-109.0,-109.0,-109.0,-109.0,-109.0,-109.0,-109.0,-109.0,-109.0,60.8,87.29,0.0,1.0,1.0
-109.0,-109.0,-109.0,-109.0,-109.0,-109.0,-101.42857142857143,-90.9074074074074,-109.0,-109.0,-95.56521739130434,-109.0,-109.0,-109.0,-109.0,-109.0,-104.16666666666667,-109.0,-109.0,-109.0,-109.0,-109.0,-109.0,-109.0,-105.0,-93.5925925925926,-91.6842105263158,-93.42857142857143,-93.5,-87.66355140186916,60.0,64.75,0.0,1.0,1.0
-109.0,-109.0,-109.0,-109.0,-109.0,-109.0,-94.53333333333333,-96.1,-109.0,-109.0,-109.0,-109.0,-105.16666666666667,-109.0,-109.0,-109.0,-104.0,-109.0,-109.0,-109.0,-109.0,-109.0,-109.0,-109.0,-109.0,-90.2,-93.46808510638297,-94.33333333333333,-88.80851063829788,-89.98076923076923,44.99,52.03,0.0,1.0,1.0
-109.0,-109.0,-109.0,-109.0,-109.0,-109.0,-109.0,-109.0,-106.5,-109.0,-109.0,-109.0,-109.0,-109.0,-109.0,-109.0,-109.0,-109.0,-109.0,-109.0,-109.0,-109.0,-109.0,-109.0,-109.0,-87.96739130434783,-95.15555555555555,-97.81818181818181,-95.0,-105.16666666666667,72.62,65.36,0.0,1.0,1.0
-109.0,-109.0,-107.5,-109.0,-109.0,-109.0,-94.17241379310344,-94.13461538461539,-109.0,-109.0,-106.66666666666667,-109.0,-109.0,-109.0,-109.0,-109.0,-97.23529411764706,-109.0,-109.0,-109.0,-109.0,-109.0,-109.0,-109.0,-109.0,-91.3625,-91.75555555555556,-93.13157894736842,-87.90151515151516,-89.46728971962617,63.57,56.27,0.0,1.0,1.0
-101.25,-109.0,-109.0,-109.0,-109.0,-109.0,-109.0,-95.0,-109.0,-109.0,-95.88235294117646,-109.0,-109.0,-109.0,-109.0,-109.0,-95.17391304347827,-109.0,-109.0,-101.71428571428571,-109.0,-109.0,-109.0,-109.0,-91.78260869565217,-79.93452380952381,-93.31645569620254,-94.60714285714286,-86.95575221238938,-91.8375,53.3,45.94,0.0,1.0,1.0
-98.53333333333333,-109.0,-98.8,-109.0,-94.5,-109.0,-109.0,-94.5,-109.0,-109.0,-109.0,-109.0,-99.85714285714286,-109.0,-109.0,-109.0,-94.17021276595744,-109.0,-109.0,-94.62068965517241,-109.0,-109.0,-109.0,-109.0,-88.87234042553192,-83.1938775510204,-92.92537313432835,-92.28571428571429,-91.13513513513513,-95.82352941176471,50.25,34.66,0.0,1.0,1.0
-109.0,-109.0,-109.0,-109.0,-109.0,-109.0,-96.18181818181819,-109.0,-109.0,-109.0,-109.0,-109.0,-109.0,-109.0,-109.0,-109.0,-109.0,-109.0,-109.0,-102.22222222222223,-109.0,-109.0,-109.0,-109.0,-93.86206896551724,-86.39855072463769,-90.62162162162163,-93.4,-78.55944055944056,-96.6470588235294,60.47,44.45,0.0,1.0,1.0
-109.0,-109.0,-109.0,-109.0,-109.0,-109.0,-109.0,-100.0,-109.0,-109.0,-94.02857142857142,-109.0,-109.0,-109.0,-109.0,-109.0,-99.33333333333333,-109.0,-109.0,-109.0,-109.0,-98.5,-109.0,-109.0,-96.0,-88.869918699187,-98.7,-107.16666666666667,-88.45238095238095,-94.25806451612904,70.96,43.78,0.0,1.0,1.0
-109.0,-109.0,-109.0,-109.0,-109.0,-109.0,-109.0,-107.0,-109.0,-109.0,-109.0,-109.0,-109.0,-109.0,-109.0,-109.0,-96.45454545454545,-109.0,-109.0,-109.0,-109.0,-109.0,-109.0,-109.0,-100.14285714285714,-93.29591836734694,-109.0,-109.0,-91.76699029126213,-96.625,82.73,44.16,0.0,1.0,1.0
-109.0,-109.0,-109.0,-109.0,-109.0,-109.0,-109.0,-109.0,-109.0,-109.0,-109.0,-109.0,-109.0,-109.0,-109.0,-109.0,-109.0,-109.0,-109.0,-107.83333333333333,-109.0,-109.0,-109.0,-109.0,-107.33333333333333,-84.7375,-109.0,-98.0,-95.28571428571429,-107.0,88.68,24.87,0.0,1.0,1.0
-109.0,-109.0,-109.0,-109.0,-109.0,-109.0,-109.0,-109.0,-109.0,-109.0,-109.0,-109.0,-109.0,-109.0,-109.0,-109.0,-109.0,-109.0,-109.0,-109.0,-109.0,-109.0,-109.0,-109.0,-109.0,-109.0,-109.0,-109.0,-109.0,-109.0,85.68,24.87,0.0,1.0,1.0
-109.0,-109.0,-109.0,-109.0,-109.0,-109.0,-109.0,-105.83333333333333,-109.0,-109.0,-109.0,-109.0,-101.5,-109.0,-109.0,-109.0,-93.28358208955224,-109.0,-109.0,-109.0,-109.0,-109.0,-109.0,-109.0,-78.84415584415585,-80.27167630057804,-93.03571428571429,-94.9047619047619,-92.6923076923077,-99.875,39.92,34.61,0.0,1.0,1.0
-109.0,-109.0,-109.0,-109.0,-109.0,-109.0,-109.0,-109.0,-109.0,-109.0,-109.0,-109.0,-109.0,-109.0,-109.0,-109.0,-109.0,-109.0,-109.0,-109.0,-109.0,-109.0,-109.0,-109.0,-109.0,-109.0,-109.0,-109.0,-109.0,-109.0,49.8,0.0,0.0,1.0,1.0
-90.11111111111111,-109.0,-94.8,-109.0,-100.625,-109.0,-91.48148148148148,-95.36,-109.0,-109.0,-109.0,-109.0,-109.0,-109.0,-109.0,-109.0,-93.55172413793103,-109.0,-109.0,-109.0,-109.0,-109.0,-109.0,-109.0,-94.0,-94.61904761904762,-82.89171974522293,-80.06432748538012,-102.16666666666667,-87.875,24.45,53.66,0.0,1.0,1.0
-109.0,-109.0,-109.0,-109.0,-109.0,-109.0,-109.0,-100.125,-91.8125,-102.25,-109.0,-109.0,-109.0,-109.0,-109.0,-109.0,-109.0,-109.0,-109.0,-109.0,-109.0,-98.63636363636364,-109.0,-109.0,-109.0,-109.0,-109.0,-109.0,-95.63636363636364,-109.0,55.13,95.45,0.0,1.0,1.0
