0,1,2,3,4,5,6,7,8,9,10,11,12,13,14,15,16,17,18,19,20,21,LONGITUDE,LATITUDE,ALTITUDE,FLOOR,BUILDINGID
100.0,-61.0,100.0,100.0,-78.0,-68.0,-77.0,-84.0,-77.0,100.0,100.0,-75.0,-81.0,-76.0,100.0,100.0,100.0,100.0,100.0,100.0,100.0,-77.0,16.091,2.795,0.0,0.0,0.0
-71.0,-60.5,100.0,100.0,-78.0,-68.5,100.0,-84.0,-77.0,100.0,100.0,-70.0,-79.0,-76.0,100.0,100.0,100.0,-84.0,-82.0,100.0,-85.0,-77.0,16.091,2.795,0.0,0.0,0.0
-71.0,-59.5,-72.0,-62.0,100.0,-70.5,100.0,100.0,-77.0,-79.0,100.0,-70.0,-80.0,-76.0,-85.0,100.0,-81.0,-84.0,-82.0,100.0,-82.5,-76.0,16.091,2.795,0.0,0.0,0.0
100.0,-59.0,-72.0,-61.5,-75.0,-70.5,-68.0,-82.0,-79.5,-79.5,-77.0,-70.0,-81.5,-73.0,-85.0,-87.0,-81.0,-83.0,-88.0,100.0,-80.0,-76.0,16.091,2.795,0.0,0.0,0.0
-69.0,-59.0,100.0,-61.0,-75.0,-66.5,-68.0,-82.0,-78.0,-80.0,-78.0,-70.0,-82.0,-72.5,-88.0,-87.5,-81.0,-82.0,-88.0,100.0,100.0,-76.0,16.091,2.795,0.0,0.0,0.0
-69.0,-59.0,-74.0,-61.0,100.0,-64.0,100.0,-83.0,-74.0,-74.0,-78.5,-70.0,-75.0,-72.0,-87.5,-88.0,-78.0,-83.0,-89.0,-82.0,100.0,-81.0,16.091,2.795,0.0,0.0,0.0
-69.5,-61.0,-73.5,-71.0,100.0,-64.0,-85.0,-82.5,-74.0,-73.5,-77.5,-69.0,-75.5,-72.0,-87.0,100.0,-78.0,-83.5,-89.0,-81.0,100.0,-82.0,16.091,2.795,0.0,0.0,0.0
-70.5,-61.5,-73.0,-70.0,100.0,-64.5,-85.0,-81.0,-73.5,-73.0,-77.0,-69.0,-75.0,-72.0,-87.0,100.0,-78.0,-85.0,100.0,-80.0,100.0,-83.0,16.091,2.795,0.0,0.0,0.0
-70.5,-62.0,100.0,-69.0,100.0,-65.0,100.0,-80.0,-73.0,100.0,100.0,100.0,-74.0,100.0,100.0,100.0,100.0,-86.0,100.0,-80.0,100.0,-82.0,16.091,2.795,0.0,0.0,0.0
-73.5,100.0,-79.0,-70.0,-76.0,-65.0,100.0,-78.0,100.0,100.0,-79.0,-70.0,100.0,-72.0,100.0,100.0,100.0,-89.0,-80.0,-78.0,100.0,-82.5,16.091,2.795,0.0,0.0,0.0
-77.5,100.0,-79.0,-68.0,-76.0,-65.0,100.0,-76.5,100.0,100.0,-79.0,-70.0,100.0,-72.0,-80.0,100.0,100.0,-87.5,-80.0,-84.5,100.0,-83.0,16.091,2.795,0.0,0.0,0.0
-78.0,100.0,100.0,-66.0,100.0,-75.0,100.0,-75.0,100.0,-77.0,100.0,100.0,100.0,-73.0,-80.0,100.0,100.0,-86.0,100.0,-91.0,100.0,-85.0,16.091,2.795,0.0,0.0,0.0
-70.0,-58.0,-68.0,-78.0,-67.0,100.0,-78.0,100.0,-80.0,100.0,-81.0,-76.0,-71.0,-76.0,100.0,-82.0,-79.0,-85.0,-85.0,100.0,-83.0,-82.0,16.091,5.174,0.0,0.0,0.0
-70.0,-57.0,-68.0,-78.0,-67.0,100.0,-78.0,100.0,-80.0,100.0,-83.0,100.0,-70.5,-75.0,100.0,-82.0,-79.0,-84.0,-85.0,100.0,-83.0,-82.0,16.091,5.174,0.0,0.0,0.0
100.0,-56.0,-72.0,100.0,100.0,-66.0,100.0,100.0,100.0,-83.0,-83.0,100.0,-70.0,-74.0,100.0,100.0,100.0,100.0,100.0,100.0,-85.0,100.0,16.091,5.174,0.0,0.0,0.0
100.0,100.0,-72.0,100.0,100.0,-66.5,100.0,100.0,100.0,-83.0,100.0,100.0,100.0,100.0,100.0,100.0,100.0,100.0,100.0,100.0,-85.0,100.0,16.091,5.174,0.0,0.0,0.0
100.0,100.0,100.0,100.0,100.0,-67.0,-76.0,100.0,100.0,100.0,-86.0,100.0,-70.0,100.0,100.0,100.0,-76.0,100.0,100.0,100.0,100.0,100.0,16.091,5.174,0.0,0.0,0.0
100.0,100.0,100.0,100.0,100.0,100.0,-76.0,100.0,100.0,100.0,-86.0,100.0,-70.0,100.0,100.0,100.0,-76.0,100.0,100.0,100.0,100.0,100.0,16.091,5.174,0.0,0.0,0.0
100.0,100.0,100.0,100.0,100.0,100.0,100.0,100.0,100.0,100.0,100.0,100.0,100.0,100.0,100.0,100.0,100.0,100.0,100.0,100.0,100.0,100.0,16.091,5.174,0.0,0.0,0.0
100.0,100.0,100.0,100.0,100.0,100.0,100.0,100.0,100.0,100.0,100.0,100.0,100.0,100.0,100.0,100.0,100.0,100.0,100.0,100.0,100.0,100.0,16.091,5.174,0.0,0.0,0.0
100.0,100.0,100.0,100.0,100.0,100.0,100.0,100.0,100.0,100.0,100.0,100.0,100.0,100.0,100.0,100.0,100.0,100.0,100.0,100.0,100.0,100.0,16.091,5.174,0.0,0.0,0.0
-66.0,100.0,100.0,100.0,100.0,100.0,-77.0,-71.0,-76.0,100.0,100.0,100.0,100.0,100.0,100.0,100.0,100.0,-82.0,100.0,100.0,-82.0,100.0,16.091,5.174,0.0,0.0,0.0
-65.5,-56.0,-62.0,-68.0,-66.0,-77.0,-76.5,-70.0,-76.0,100.0,100.0,-73.0,100.0,100.0,-80.0,-85.0,100.0,-83.0,100.0,-83.0,-82.5,100.0,16.091,5.174,0.0,0.0,0.0
-65.5,-58.0,-64.0,-72.5,-66.0,-77.0,-76.0,-71.0,-75.5,-75.0,-82.0,-73.0,-77.0,100.0,-80.0,-83.5,-85.0,-82.0,100.0,-84.0,-82.5,100.0,16.091,5.174,0.0,0.0,0.0
-58.0,100.0,-65.0,-80.0,-68.5,-83.0,-83.0,-76.5,-81.0,-76.0,-76.0,-79.0,-81.0,-74.0,-81.0,-82.0,100.0,-87.0,100.0,-85.0,-86.0,100.0,16.091,7.553,0.0,0.0,0.0
-57.5,-69.0,-65.0,-79.0,-65.0,-82.5,-85.5,-76.0,-81.5,-74.0,-75.5,-78.5,-83.0,-74.5,-81.5,-82.0,100.0,-87.0,100.0,-83.0,100.0,-84.0,16.091,7.553,0.0,0.0,0.0
-57.0,-69.0,100.0,-78.0,-65.0,-82.0,-88.0,-75.5,-82.0,-72.0,-74.5,-78.0,-85.0,-75.0,-82.0,100.0,100.0,100.0,100.0,-79.5,100.0,-84.0,16.091,7.553,0.0,0.0,0.0
-59.0,-68.0,100.0,-78.0,-65.0,100.0,-81.0,-73.0,-78.0,100.0,-74.0,100.0,-82.0,100.0,-82.0,100.0,100.0,100.0,100.0,-78.0,-85.0,100.0,16.091,7.553,0.0,0.0,0.0
-59.0,-68.0,-64.0,-77.5,-65.0,100.0,-79.5,-73.0,-77.0,-75.0,-74.0,-83.0,-82.0,-75.0,-81.5,-85.0,-88.0,100.0,100.0,-78.5,-87.0,100.0,16.091,7.553,0.0,0.0,0.0
-59.0,-64.0,-64.0,-76.0,-68.5,-81.0,-78.5,-72.0,-76.0,-76.0,-73.0,-83.0,-78.0,-75.0,-83.0,-85.0,-88.0,100.0,100.0,-79.0,-89.0,100.0,16.091,7.553,0.0,0.0,0.0
-57.0,-64.0,-68.0,-75.0,-71.5,-85.0,-78.5,-72.0,100.0,-76.5,-72.0,100.0,-78.0,-75.0,-84.0,-85.0,100.0,100.0,-83.0,100.0,100.0,100.0,16.091,7.553,0.0,0.0,0.0
-57.0,-64.0,-68.0,100.0,-71.0,-89.0,-78.0,100.0,100.0,-76.0,-72.0,100.0,100.0,-75.0,-83.0,100.0,100.0,100.0,-83.0,100.0,100.0,100.0,16.091,7.553,0.0,0.0,0.0
100.0,100.0,100.0,100.0,100.0,100.0,100.0,-72.0,100.0,100.0,100.0,100.0,100.0,100.0,100.0,100.0,100.0,100.0,-79.0,100.0,100.0,100.0,16.091,7.553,0.0,0.0,0.0
-56.0,100.0,-70.0,100.0,100.0,100.0,100.0,-72.0,100.0,-75.0,100.0,100.0,100.0,-74.0,-83.0,100.0,100.0,100.0,-79.0,100.0,100.0,100.0,16.091,7.553,0.0,0.0,0.0
-56.0,-73.0,-70.0,-83.0,100.0,-72.0,-77.0,100.0,100.0,-75.0,-86.0,-80.0,-78.0,-74.0,-83.0,100.0,100.0,-80.0,100.0,100.0,-82.0,100.0,16.091,7.553,0.0,0.0,0.0
-63.0,-73.0,-70.0,-82.5,100.0,-72.0,-77.0,-75.0,100.0,100.0,-86.0,-80.5,-78.0,-86.0,-83.0,100.0,-87.0,-80.0,100.0,100.0,-81.5,100.0,16.091,7.553,0.0,0.0,0.0
-51.0,-80.0,-66.0,-75.0,-70.0,100.0,100.0,-75.0,-79.0,-79.0,-79.0,100.0,100.0,-83.0,-80.0,100.0,100.0,-83.5,100.0,-78.0,100.0,100.0,16.091,9.931,0.0,0.0,0.0
-51.0,-78.5,-65.0,-75.0,-72.0,-75.0,100.0,-74.5,-79.0,-87.0,-77.5,-83.0,100.0,-82.5,-80.5,-81.0,-87.0,-83.5,100.0,100.0,-90.0,100.0,16.091,9.931,0.0,0.0,0.0
-52.0,-78.5,-64.0,-81.0,-70.0,-75.0,100.0,-74.5,100.0,-88.0,-76.0,-84.0,-84.0,-81.5,-82.0,-81.0,-86.0,-83.5,-86.0,-78.0,-90.0,100.0,16.091,9.931,0.0,0.0,0.0
-52.0,-80.0,-64.0,-81.0,-70.0,-75.0,100.0,-75.0,-76.0,-89.0,-76.0,-85.0,-84.0,-81.0,-83.0,-81.0,-85.0,-83.0,-86.0,-78.0,100.0,100.0,16.091,9.931,0.0,0.0,0.0
-52.0,-83.0,-66.0,100.0,-69.0,100.0,-82.0,-74.0,-76.0,100.0,-77.0,-87.0,-82.0,100.0,100.0,100.0,-86.0,-82.0,100.0,-80.0,100.0,100.0,16.091,9.931,0.0,0.0,0.0
-51.0,-83.0,-66.0,100.0,-69.0,100.0,-82.0,-74.0,-76.0,100.0,-77.0,-87.0,-82.0,100.0,100.0,100.0,-86.0,-82.0,-89.0,-80.0,100.0,100.0,16.091,9.931,0.0,0.0,0.0
-50.0,100.0,100.0,100.0,100.0,100.0,-82.0,100.0,100.0,100.0,100.0,100.0,100.0,100.0,100.0,100.0,-86.0,100.0,-89.0,100.0,100.0,100.0,16.091,9.931,0.0,0.0,0.0
-50.0,100.0,100.0,-74.0,-64.0,100.0,100.0,-74.0,-80.0,-72.0,100.0,100.0,100.0,100.0,100.0,-89.0,-85.0,100.0,100.0,100.0,100.0,100.0,16.091,9.931,0.0,0.0,0.0
-50.0,100.0,100.0,-74.0,-64.0,100.0,100.0,-74.0,-80.5,-72.0,-76.0,100.0,-88.0,-80.0,100.0,-89.0,-85.0,100.0,-83.0,-82.0,100.0,100.0,16.091,9.931,0.0,0.0,0.0
-50.0,100.0,-70.0,-81.0,-64.0,100.0,-86.0,100.0,-81.0,-75.0,-75.0,100.0,-86.5,-80.5,100.0,100.0,100.0,100.0,-83.0,-82.0,100.0,100.0,16.091,9.931,0.0,0.0,0.0
-63.0,-75.0,-70.0,-81.0,-85.0,-75.0,-85.0,-76.0,-88.0,-74.5,-78.0,100.0,-87.0,-84.5,-77.0,100.0,100.0,100.0,100.0,-82.0,100.0,100.0,16.091,9.931,0.0,0.0,0.0
-61.5,-76.0,-70.0,-81.5,-83.5,-76.0,-82.0,-76.0,-88.0,-74.0,-83.5,-91.0,-89.0,-88.0,-77.0,-86.0,100.0,100.0,-85.0,-81.0,-88.0,100.0,16.091,9.931,0.0,0.0,0.0
100.0,100.0,-82.0,-62.0,100.0,-82.0,-61.0,-78.5,100.0,100.0,-75.0,100.0,-80.0,100.0,100.0,100.0,100.0,100.0,-84.0,-82.0,-73.0,100.0,12.514,0.416,0.0,0.0,0.0
100.0,100.0,-82.0,-62.0,100.0,-82.0,-61.0,-79.0,100.0,100.0,-75.0,100.0,100.0,-64.0,100.0,100.0,100.0,-84.0,-84.0,100.0,-75.0,100.0,12.514,0.416,0.0,0.0,0.0
100.0,100.0,-77.0,100.0,100.0,100.0,-59.0,-77.0,100.0,-77.0,100.0,100.0,100.0,-64.0,100.0,100.0,100.0,-84.0,100.0,-79.0,-77.0,100.0,12.514,0.416,0.0,0.0,0.0
100.0,100.0,-77.0,100.0,100.0,100.0,-59.0,-77.0,100.0,-77.0,100.0,100.0,100.0,-64.0,100.0,100.0,100.0,100.0,100.0,-79.0,100.0,100.0,12.514,0.416,0.0,0.0,0.0
100.0,100.0,100.0,100.0,100.0,100.0,100.0,100.0,100.0,100.0,100.0,100.0,100.0,100.0,100.0,100.0,100.0,100.0,100.0,100.0,100.0,100.0,12.514,0.416,0.0,0.0,0.0
100.0,100.0,100.0,100.0,100.0,100.0,100.0,100.0,100.0,100.0,100.0,100.0,100.0,100.0,100.0,100.0,100.0,100.0,100.0,100.0,100.0,100.0,12.514,0.416,0.0,0.0,0.0
100.0,100.0,100.0,100.0,100.0,100.0,100.0,100.0,100.0,100.0,100.0,100.0,100.0,100.0,100.0,100.0,100.0,100.0,100.0,100.0,100.0,100.0,12.514,0.416,0.0,0.0,0.0
100.0,100.0,100.0,100.0,100.0,100.0,100.0,100.0,100.0,100.0,100.0,100.0,100.0,100.0,100.0,100.0,100.0,100.0,100.0,100.0,100.0,100.0,12.514,0.416,0.0,0.0,0.0
100.0,100.0,100.0,100.0,100.0,100.0,100.0,100.0,100.0,100.0,100.0,100.0,100.0,100.0,100.0,100.0,100.0,100.0,100.0,100.0,100.0,100.0,12.514,0.416,0.0,0.0,0.0
-70.0,100.0,100.0,100.0,100.0,100.0,-62.0,100.0,100.0,100.0,100.0,100.0,100.0,100.0,100.0,-82.0,100.0,100.0,100.0,100.0,100.0,-79.0,12.514,0.416,0.0,0.0,0.0
-70.0,-76.0,100.0,-60.0,-66.0,100.0,-62.0,100.0,100.0,100.0,100.0,-72.0,100.0,100.0,100.0,-82.0,100.0,100.0,100.0,-78.0,-82.0,-79.0,12.514,0.416,0.0,0.0,0.0
100.0,-76.5,100.0,-60.0,-67.0,100.0,100.0,100.0,100.0,100.0,100.0,-74.5,100.0,100.0,-80.0,100.0,-76.0,-80.0,100.0,-80.0,-83.0,100.0,12.514,0.416,0.0,0.0,0.0
-65.0,-78.0,100.0,100.0,100.0,100.0,-74.0,-77.0,-73.0,100.0,-71.0,-79.0,-72.0,-75.0,-85.0,-80.0,-86.0,100.0,100.0,-81.0,-82.0,100.0,12.514,5.174,0.0,0.0,0.0
-65.0,-78.0,100.0,100.0,100.0,100.0,-74.0,-77.0,-73.0,100.0,-71.0,-79.0,-72.0,-75.0,-85.0,-80.0,100.0,100.0,100.0,-81.0,-82.0,100.0,12.514,5.174,0.0,0.0,0.0
100.0,100.0,-63.0,-79.0,100.0,100.0,100.0,100.0,100.0,100.0,100.0,100.0,-73.0,100.0,100.0,100.0,100.0,100.0,100.0,100.0,100.0,100.0,12.514,5.174,0.0,0.0,0.0
100.0,100.0,-63.0,-79.0,100.0,100.0,100.0,100.0,100.0,100.0,100.0,100.0,-77.5,100.0,-84.0,-75.0,100.0,100.0,100.0,100.0,100.0,100.0,12.514,5.174,0.0,0.0,0.0
100.0,100.0,-66.0,100.0,-66.0,-54.0,-88.0,-71.0,100.0,100.0,100.0,-84.0,-82.0,100.0,-84.0,-75.0,-76.0,100.0,100.0,100.0,100.0,100.0,12.514,5.174,0.0,0.0,0.0
100.0,-68.0,-66.0,-69.0,-64.5,-54.5,-82.5,-69.5,-71.0,-80.0,-75.0,-84.0,-79.0,100.0,-79.0,-81.0,-76.0,-83.0,-76.0,100.0,100.0,-81.0,12.514,5.174,0.0,0.0,0.0
-68.0,-68.0,-61.0,-69.0,-63.0,-55.0,-77.0,-68.0,-71.0,-80.5,-75.0,100.0,-79.0,100.0,-80.0,-81.0,100.0,-83.0,-76.0,100.0,-87.0,-81.0,12.514,5.174,0.0,0.0,0.0
-68.0,100.0,-60.5,-69.0,-62.0,100.0,100.0,100.0,100.0,-81.0,100.0,100.0,100.0,100.0,-81.0,100.0,100.0,100.0,100.0,100.0,-87.0,100.0,12.514,5.174,0.0,0.0,0.0
-64.0,-75.0,-59.0,-69.0,-62.0,100.0,-73.0,-77.0,-69.0,-84.0,100.0,100.0,-73.0,-83.0,-84.0,-80.0,100.0,100.0,-83.0,100.0,100.0,100.0,12.514,5.174,0.0,0.0,0.0
-64.0,-75.0,-58.5,-70.0,-64.0,-56.0,-73.0,-72.0,-74.5,-84.0,100.0,100.0,-77.0,-83.0,-84.0,-81.5,100.0,100.0,-83.0,-83.0,-83.0,-81.0,12.514,5.174,0.0,0.0,0.0
100.0,100.0,-59.0,-71.0,-66.0,-56.0,100.0,-67.0,-74.5,100.0,100.0,100.0,-81.0,100.0,-84.0,-83.0,100.0,100.0,100.0,-83.0,-83.0,-81.0,12.514,5.174,0.0,0.0,0.0
-67.0,-68.0,100.0,100.0,100.0,-59.0,100.0,-72.0,-70.0,100.0,100.0,-86.0,-74.0,100.0,-83.0,100.0,100.0,100.0,100.0,100.0,100.0,100.0,12.514,5.174,0.0,0.0,0.0
-69.5,100.0,-70.0,100.0,-60.0,100.0,100.0,100.0,-79.0,-79.0,-73.0,100.0,-78.0,100.0,-76.0,100.0,100.0,100.0,100.0,-76.0,100.0,100.0,12.514,9.931,0.0,0.0,0.0
-69.0,100.0,-70.0,100.0,-60.0,100.0,100.0,100.0,-79.5,-79.0,-75.5,100.0,-78.0,100.0,-74.0,-79.0,100.0,-82.0,-79.0,-76.0,100.0,-85.0,12.514,9.931,0.0,0.0,0.0
100.0,100.0,100.0,100.0,100.0,100.0,100.0,-69.0,-80.0,100.0,-78.0,100.0,100.0,100.0,-72.0,-79.0,100.0,-82.0,-79.0,100.0,100.0,-85.0,12.514,9.931,0.0,0.0,0.0
100.0,100.0,100.0,100.0,100.0,100.0,100.0,-69.0,100.0,100.0,100.0,100.0,100.0,100.0,100.0,100.0,100.0,100.0,100.0,100.0,100.0,-85.0,12.514,9.931,0.0,0.0,0.0
100.0,100.0,100.0,100.0,-63.0,100.0,100.0,100.0,100.0,-68.0,100.0,-87.0,100.0,-78.0,-71.0,100.0,100.0,100.0,-82.0,100.0,-81.0,100.0,12.514,9.931,0.0,0.0,0.0
100.0,100.0,100.0,100.0,-63.0,100.0,100.0,100.0,100.0,-68.0,100.0,-87.0,100.0,-78.0,-71.0,100.0,100.0,100.0,-82.0,100.0,-81.0,100.0,12.514,9.931,0.0,0.0,0.0
100.0,100.0,100.0,100.0,100.0,100.0,100.0,100.0,100.0,100.0,100.0,100.0,100.0,100.0,100.0,100.0,100.0,100.0,100.0,100.0,100.0,100.0,12.514,9.931,0.0,0.0,0.0
100.0,100.0,100.0,100.0,100.0,100.0,100.0,100.0,100.0,100.0,100.0,100.0,100.0,100.0,100.0,100.0,100.0,100.0,100.0,100.0,100.0,100.0,12.514,9.931,0.0,0.0,0.0
100.0,100.0,100.0,100.0,100.0,100.0,100.0,100.0,100.0,100.0,100.0,100.0,100.0,100.0,100.0,100.0,100.0,100.0,100.0,100.0,100.0,100.0,12.514,9.931,0.0,0.0,0.0
100.0,100.0,100.0,100.0,100.0,-71.0,100.0,100.0,100.0,100.0,100.0,100.0,100.0,100.0,100.0,100.0,100.0,100.0,100.0,-80.0,100.0,100.0,12.514,9.931,0.0,0.0,0.0
-73.0,100.0,-62.0,100.0,-56.0,-70.5,100.0,-63.0,100.0,-72.0,-78.0,100.0,100.0,-86.0,100.0,-79.0,100.0,-83.0,100.0,-79.5,100.0,100.0,12.514,9.931,0.0,0.0,0.0
-73.0,-83.0,-62.0,100.0,-55.0,-69.5,100.0,-64.5,100.0,-72.5,-75.5,100.0,-70.0,-82.5,-75.0,-79.0,100.0,-83.0,-82.0,-80.0,-87.0,100.0,12.514,9.931,0.0,0.0,0.0
-71.0,-76.0,-68.0,-63.0,100.0,100.0,-56.0,-74.0,100.0,-86.0,-74.0,100.0,100.0,-77.0,100.0,-77.0,100.0,-86.0,-67.0,-84.0,-81.0,-77.0,10.727,0.416,0.0,0.0,0.0
-71.0,-76.5,-68.0,-63.0,100.0,100.0,-55.5,-73.5,-68.0,-83.0,-74.0,-75.0,100.0,-74.5,-89.0,-76.5,-72.0,-87.0,-67.0,-84.0,-80.5,-75.5,10.727,0.416,0.0,0.0,0.0
100.0,-76.0,-68.0,100.0,100.0,100.0,-54.5,-73.0,-68.0,-83.0,100.0,-75.0,100.0,-72.0,-89.0,-76.0,-72.0,-89.5,100.0,100.0,-80.0,-73.5,10.727,0.416,0.0,0.0,0.0
100.0,-75.0,100.0,100.0,100.0,100.0,-53.5,100.0,100.0,100.0,100.0,100.0,100.0,-74.0,100.0,100.0,100.0,-91.0,100.0,100.0,100.0,-71.5,10.727,0.416,0.0,0.0,0.0
100.0,-77.0,100.0,100.0,100.0,100.0,-53.0,-75.0,100.0,100.0,-72.0,100.0,100.0,-73.5,100.0,-83.0,-74.0,100.0,100.0,100.0,100.0,-71.0,10.727,0.416,0.0,0.0,0.0
100.0,-74.5,-71.0,100.0,-76.0,-76.0,100.0,-70.5,-57.0,100.0,-73.0,100.0,-74.0,-70.0,100.0,-79.5,-75.0,100.0,-66.0,100.0,100.0,-72.0,10.727,0.416,0.0,0.0,0.0
100.0,-71.5,-71.0,-61.0,-75.0,-76.0,-52.0,-66.0,-57.5,-80.0,-75.0,-70.0,-72.5,-66.0,-77.0,-76.0,-74.5,100.0,-66.0,100.0,-78.0,-74.0,10.727,0.416,0.0,0.0,0.0
100.0,-71.0,-71.0,-61.0,-74.0,100.0,-52.5,-66.0,-59.0,-80.0,-76.0,-70.0,-71.0,-65.0,-77.0,-76.0,-73.0,100.0,100.0,100.0,-78.0,-74.0,10.727,0.416,0.0,0.0,0.0
100.0,-75.0,-70.0,100.0,-72.0,100.0,-53.5,100.0,-59.5,-75.0,100.0,100.0,100.0,-66.0,100.0,100.0,100.0,100.0,100.0,100.0,-75.0,100.0,10.727,0.416,0.0,0.0,0.0
100.0,-75.0,-74.5,-63.0,-76.0,100.0,-54.0,100.0,-59.0,-75.0,100.0,-66.0,-75.0,-66.0,100.0,100.0,100.0,100.0,-75.0,-80.0,-75.0,100.0,10.727,0.416,0.0,0.0,0.0
-75.0,100.0,-79.0,-62.5,-80.0,-72.0,-58.0,-72.0,100.0,-74.0,-67.0,-66.0,-74.5,100.0,-82.0,100.0,-72.0,-85.0,-74.5,-81.0,100.0,-79.0,10.727,0.416,0.0,0.0,0.0
-75.5,100.0,100.0,-62.0,100.0,-72.0,-58.0,-70.0,-66.0,-74.0,-67.0,-66.0,-74.5,100.0,-82.0,-82.0,-72.0,-85.0,-75.0,-80.5,100.0,-79.0,10.727,0.416,0.0,0.0,0.0
-68.0,-73.0,-69.0,-79.0,-69.0,-60.0,-82.0,-72.0,-72.0,-78.0,-73.0,-77.0,-66.0,-70.0,-75.0,-76.0,-85.0,100.0,-80.0,-79.0,100.0,100.0,10.727,5.174,0.0,0.0,0.0
-68.0,-72.5,-69.0,-77.5,-68.5,-59.0,-83.5,-71.0,-72.0,-78.0,-73.0,-77.0,-65.5,-70.0,-75.0,-76.0,-81.5,100.0,-80.0,-79.0,-84.0,-84.0,10.727,5.174,0.0,0.0,0.0
-69.0,-72.5,-70.0,-77.0,-69.0,-58.5,-80.5,-70.0,-71.5,100.0,-72.5,-77.0,-65.0,-68.0,-75.0,-75.0,-82.0,-87.0,-85.0,-75.0,-84.0,-84.0,10.727,5.174,0.0,0.0,0.0
-69.0,-72.0,-71.0,-77.0,-70.0,-60.0,-75.0,-70.0,-71.0,-80.0,-72.0,100.0,100.0,-68.0,100.0,-75.0,-86.0,-86.0,-81.5,-75.0,100.0,100.0,10.727,5.174,0.0,0.0,0.0
100.0,-70.0,-71.5,-76.0,-72.0,-61.0,-76.0,100.0,-72.0,-80.0,100.0,-76.0,100.0,-70.0,-78.0,100.0,100.0,-85.0,-78.5,-75.0,-81.0,100.0,10.727,5.174,0.0,0.0,0.0
-73.0,-73.0,-72.0,-71.0,-72.0,-59.5,-76.5,-62.0,-75.5,-85.0,-72.0,-75.0,-67.0,-70.5,-76.5,-85.0,-78.0,100.0,-77.0,-75.0,-80.5,-81.0,10.727,5.174,0.0,0.0,0.0
-73.0,-78.0,100.0,-76.0,-71.5,-58.0,-75.0,-61.0,-78.5,-80.0,-70.5,-72.5,-66.0,-68.5,-75.5,-84.5,-79.5,-83.0,-75.0,-75.5,-81.5,-81.5,10.727,5.174,0.0,0.0,0.0
-71.0,-81.5,-70.0,-81.0,-71.0,-59.0,-78.0,-60.0,-76.0,-75.0,-68.5,-71.0,-65.0,-68.5,-77.5,-83.5,-80.0,-82.0,-75.5,-76.0,-84.5,-82.0,10.727,5.174,0.0,0.0,0.0
-70.0,-83.0,-70.0,-84.0,-68.0,-58.5,-76.5,-60.0,-73.5,-76.0,-68.0,100.0,-65.0,-69.0,-83.0,-83.0,-79.0,-79.0,-77.5,-83.0,-85.0,-82.5,10.727,5.174,0.0,0.0,0.0
-69.0,-81.0,-70.0,-87.0,-68.0,-58.0,-75.0,-67.0,-73.0,-78.5,-70.0,100.0,100.0,100.0,-87.0,100.0,100.0,-76.5,-79.0,-83.0,-84.0,-83.0,10.727,5.174,0.0,0.0,0.0
-81.0,-81.0,-73.0,-74.0,-72.0,-63.0,-75.0,-67.0,-68.0,-80.5,-72.0,-72.0,-78.0,100.0,-83.0,100.0,-80.0,-76.0,-85.0,-74.0,-81.0,-81.0,10.727,5.174,0.0,0.0,0.0
-81.0,100.0,-72.5,-73.0,-72.0,-63.0,-75.0,100.0,-68.0,-79.0,-73.0,-72.0,-78.5,-66.0,-86.5,-76.0,-80.0,-76.0,-85.0,-74.0,-80.0,-81.5,10.727,5.174,0.0,0.0,0.0
-70.0,-74.0,-73.0,-82.0,-55.0,100.0,-85.0,-80.0,-74.0,100.0,100.0,-82.0,100.0,-82.0,100.0,100.0,100.0,-79.0,-83.0,100.0,100.0,100.0,10.727,9.931,0.0,0.0,0.0
-69.0,-73.0,-71.0,-80.0,-55.0,100.0,-82.0,100.0,-74.0,-80.0,100.0,-82.0,-67.0,-81.5,100.0,100.0,100.0,-79.0,-84.5,100.0,-84.0,-80.0,10.727,9.931,0.0,0.0,0.0
-68.0,-73.0,-69.0,-78.0,-54.0,-83.0,-80.0,-71.0,100.0,-77.0,100.0,-84.0,-67.0,-81.0,100.0,-80.0,100.0,-78.0,-86.0,100.0,-86.0,-80.0,10.727,9.931,0.0,0.0,0.0
-69.0,-74.5,100.0,-80.0,-54.5,-83.0,-81.0,-71.0,-75.0,-74.0,-77.0,-85.0,-68.0,-85.0,100.0,-80.0,100.0,-77.5,100.0,100.0,-88.0,-78.0,10.727,9.931,0.0,0.0,0.0
-69.0,-75.0,100.0,-80.0,-55.0,100.0,100.0,100.0,-75.0,100.0,-76.5,-86.0,-68.0,-85.0,-68.0,-80.0,100.0,-77.0,100.0,100.0,100.0,-78.0,10.727,9.931,0.0,0.0,0.0
100.0,100.0,100.0,100.0,100.0,100.0,100.0,100.0,100.0,100.0,-76.0,-84.0,100.0,100.0,-68.0,100.0,100.0,-77.0,100.0,100.0,100.0,100.0,10.727,9.931,0.0,0.0,0.0
100.0,-74.0,100.0,100.0,100.0,100.0,100.0,-67.0,100.0,100.0,100.0,-84.0,100.0,100.0,100.0,100.0,100.0,100.0,100.0,100.0,100.0,100.0,10.727,9.931,0.0,0.0,0.0
100.0,-74.0,100.0,100.0,-55.0,100.0,100.0,-67.0,100.0,-76.0,100.0,100.0,100.0,100.0,100.0,100.0,100.0,100.0,100.0,-72.0,-75.0,100.0,10.727,9.931,0.0,0.0,0.0
100.0,100.0,100.0,100.0,-57.5,100.0,100.0,100.0,100.0,-72.0,100.0,100.0,100.0,100.0,100.0,100.0,100.0,100.0,100.0,-72.0,-74.0,100.0,10.727,9.931,0.0,0.0,0.0
100.0,100.0,100.0,100.0,-62.0,100.0,100.0,-65.0,100.0,-71.0,100.0,100.0,-74.0,100.0,100.0,100.0,100.0,100.0,100.0,100.0,-73.0,100.0,10.727,9.931,0.0,0.0,0.0
100.0,-72.0,100.0,100.0,-64.0,100.0,100.0,-65.0,100.0,-74.0,100.0,-84.0,-71.0,100.0,100.0,100.0,100.0,100.0,100.0,100.0,100.0,100.0,10.727,9.931,0.0,0.0,0.0
100.0,-72.0,100.0,100.0,100.0,100.0,100.0,100.0,100.0,100.0,100.0,-84.0,-68.0,100.0,100.0,100.0,100.0,100.0,100.0,100.0,100.0,100.0,10.727,9.931,0.0,0.0,0.0
100.0,100.0,100.0,100.0,100.0,100.0,100.0,100.0,100.0,100.0,100.0,100.0,100.0,100.0,100.0,100.0,100.0,100.0,100.0,100.0,-72.0,100.0,7.747,0.416,0.0,0.0,0.0
100.0,100.0,100.0,100.0,100.0,100.0,100.0,100.0,100.0,100.0,100.0,100.0,-68.0,100.0,100.0,100.0,100.0,100.0,100.0,100.0,-72.0,100.0,7.747,0.416,0.0,0.0,0.0
100.0,100.0,100.0,100.0,100.0,100.0,100.0,100.0,100.0,100.0,100.0,100.0,-68.0,100.0,100.0,100.0,100.0,100.0,100.0,100.0,100.0,100.0,7.747,0.416,0.0,0.0,0.0
100.0,100.0,100.0,100.0,100.0,100.0,100.0,100.0,100.0,100.0,100.0,100.0,100.0,100.0,100.0,100.0,100.0,100.0,100.0,100.0,-73.0,100.0,7.747,0.416,0.0,0.0,0.0
100.0,100.0,100.0,100.0,100.0,100.0,100.0,100.0,100.0,100.0,100.0,100.0,100.0,100.0,100.0,100.0,100.0,100.0,100.0,-72.0,-73.0,100.0,7.747,0.416,0.0,0.0,0.0
100.0,100.0,100.0,100.0,100.0,100.0,100.0,100.0,100.0,100.0,100.0,100.0,100.0,100.0,100.0,100.0,100.0,100.0,100.0,-72.0,-73.0,100.0,7.747,0.416,0.0,0.0,0.0
100.0,100.0,100.0,100.0,100.0,100.0,100.0,100.0,100.0,100.0,100.0,100.0,100.0,100.0,100.0,100.0,100.0,100.0,100.0,100.0,100.0,100.0,7.747,0.416,0.0,0.0,0.0
100.0,100.0,100.0,100.0,100.0,100.0,100.0,100.0,100.0,100.0,100.0,100.0,100.0,100.0,100.0,100.0,100.0,100.0,100.0,100.0,100.0,100.0,7.747,0.416,0.0,0.0,0.0
100.0,100.0,100.0,100.0,100.0,100.0,100.0,100.0,100.0,100.0,100.0,100.0,100.0,100.0,100.0,100.0,100.0,100.0,100.0,100.0,100.0,100.0,7.747,0.416,0.0,0.0,0.0
-75.0,100.0,100.0,100.0,100.0,100.0,100.0,100.0,100.0,100.0,100.0,100.0,100.0,100.0,100.0,100.0,100.0,100.0,100.0,100.0,100.0,100.0,7.747,0.416,0.0,0.0,0.0
-75.0,-80.0,100.0,-72.0,-74.0,-67.0,-61.0,100.0,-57.0,-62.0,-67.0,100.0,100.0,-66.0,-73.0,100.0,100.0,-76.0,-72.0,-77.0,-72.0,-68.0,7.747,0.416,0.0,0.0,0.0
-77.0,-80.0,100.0,-73.0,-74.5,-67.0,-60.5,-74.0,-57.0,-61.5,-67.5,-52.0,100.0,-66.0,-73.0,100.0,-71.0,-76.5,-72.0,-76.0,-72.0,-68.0,7.747,0.416,0.0,0.0,0.0
-77.0,-78.0,100.0,100.0,100.0,100.0,100.0,-59.0,100.0,-64.0,-54.0,-69.0,-67.0,-73.0,100.0,100.0,100.0,-82.0,100.0,100.0,100.0,-72.0,7.747,5.174,0.0,0.0,0.0
-77.0,-77.5,-72.0,100.0,-71.0,100.0,-91.0,-61.0,-73.0,-63.5,-54.0,-70.0,-66.0,-73.0,100.0,100.0,-75.0,100.0,-75.0,-74.0,100.0,-72.0,7.747,5.174,0.0,0.0,0.0
-77.0,-77.0,-72.0,100.0,-71.0,100.0,-91.0,-61.5,-73.0,-63.0,-54.0,-71.0,-65.0,100.0,100.0,100.0,-75.0,100.0,-74.5,-74.0,-78.0,100.0,7.747,5.174,0.0,0.0,0.0
-76.0,100.0,100.0,100.0,-68.0,100.0,100.0,-60.0,-73.0,100.0,100.0,100.0,-61.0,-72.0,100.0,-77.0,100.0,100.0,-74.0,100.0,-78.0,100.0,7.747,5.174,0.0,0.0,0.0
-76.0,100.0,100.0,100.0,-68.0,100.0,100.0,100.0,100.0,-62.0,100.0,100.0,-61.0,-72.5,100.0,-77.0,-73.0,100.0,100.0,100.0,100.0,100.0,7.747,5.174,0.0,0.0,0.0
100.0,100.0,100.0,100.0,100.0,100.0,100.0,100.0,100.0,-62.0,100.0,100.0,100.0,-73.0,100.0,100.0,-73.0,100.0,100.0,100.0,100.0,100.0,7.747,5.174,0.0,0.0,0.0
100.0,100.0,100.0,100.0,100.0,100.0,100.0,100.0,100.0,100.0,100.0,100.0,100.0,100.0,100.0,100.0,100.0,100.0,100.0,100.0,100.0,100.0,7.747,5.174,0.0,0.0,0.0
100.0,100.0,100.0,100.0,100.0,100.0,100.0,100.0,100.0,100.0,100.0,100.0,100.0,100.0,100.0,100.0,100.0,100.0,100.0,100.0,100.0,100.0,7.747,5.174,0.0,0.0,0.0
100.0,100.0,100.0,100.0,100.0,100.0,100.0,100.0,100.0,100.0,100.0,100.0,100.0,100.0,100.0,100.0,100.0,100.0,100.0,100.0,100.0,100.0,7.747,5.174,0.0,0.0,0.0
100.0,100.0,-72.0,100.0,100.0,100.0,100.0,100.0,100.0,100.0,100.0,100.0,100.0,100.0,100.0,100.0,100.0,100.0,100.0,100.0,-81.0,100.0,7.747,5.174,0.0,0.0,0.0
-72.0,-79.0,-72.0,100.0,-65.0,-81.0,-75.0,-68.0,-67.0,-68.0,-52.0,-77.0,-63.0,-74.0,100.0,-76.0,100.0,-79.0,-71.0,-85.0,-81.0,-77.0,7.747,5.174,0.0,0.0,0.0
-72.0,-80.0,-72.5,100.0,-65.0,-81.0,-75.0,-68.0,-67.0,-69.0,-52.0,-77.0,-63.0,-72.5,100.0,-75.0,100.0,-80.5,-71.5,-85.0,-81.0,-77.0,7.747,5.174,0.0,0.0,0.0
100.0,100.0,100.0,100.0,100.0,100.0,100.0,-68.0,100.0,100.0,-83.0,-72.0,100.0,100.0,100.0,100.0,100.0,100.0,100.0,-70.0,100.0,100.0,7.747,9.931,0.0,0.0,0.0
100.0,100.0,-75.0,100.0,100.0,100.0,-77.0,-68.0,100.0,100.0,-83.0,100.0,100.0,100.0,100.0,100.0,100.0,100.0,100.0,-70.0,100.0,100.0,7.747,9.931,0.0,0.0,0.0
100.0,100.0,-75.0,100.0,100.0,100.0,-77.0,100.0,-70.0,100.0,100.0,100.0,100.0,100.0,100.0,100.0,100.0,-78.0,100.0,100.0,100.0,100.0,7.747,9.931,0.0,0.0,0.0
100.0,100.0,100.0,100.0,100.0,100.0,100.0,100.0,-71.0,100.0,100.0,100.0,100.0,100.0,100.0,100.0,100.0,-78.0,100.0,100.0,100.0,100.0,7.747,9.931,0.0,0.0,0.0
100.0,100.0,100.0,100.0,-63.0,100.0,100.0,100.0,-72.0,100.0,100.0,100.0,100.0,100.0,100.0,100.0,100.0,-78.0,100.0,100.0,100.0,100.0,7.747,9.931,0.0,0.0,0.0
100.0,100.0,100.0,100.0,-63.0,100.0,100.0,100.0,100.0,100.0,100.0,100.0,100.0,100.0,100.0,100.0,100.0,-78.0,100.0,100.0,100.0,100.0,7.747,9.931,0.0,0.0,0.0
100.0,100.0,100.0,100.0,100.0,100.0,100.0,100.0,100.0,100.0,100.0,100.0,100.0,100.0,100.0,100.0,100.0,100.0,100.0,100.0,100.0,100.0,7.747,9.931,0.0,0.0,0.0
100.0,100.0,100.0,100.0,100.0,100.0,100.0,100.0,100.0,100.0,100.0,100.0,100.0,100.0,100.0,100.0,100.0,100.0,100.0,100.0,100.0,100.0,7.747,9.931,0.0,0.0,0.0
100.0,100.0,100.0,100.0,100.0,100.0,100.0,100.0,100.0,100.0,100.0,100.0,100.0,100.0,100.0,100.0,100.0,100.0,100.0,100.0,100.0,100.0,7.747,9.931,0.0,0.0,0.0
100.0,100.0,100.0,100.0,-63.0,100.0,100.0,100.0,-75.0,100.0,100.0,100.0,100.0,100.0,100.0,100.0,100.0,100.0,100.0,100.0,100.0,100.0,7.747,9.931,0.0,0.0,0.0
100.0,-86.0,100.0,-81.0,-63.5,-78.0,-77.0,100.0,-75.5,100.0,100.0,-80.0,100.0,100.0,100.0,-79.0,100.0,100.0,100.0,100.0,-72.0,-83.0,7.747,9.931,0.0,0.0,0.0
-66.0,-81.5,-75.0,-80.5,-65.0,-79.0,-77.5,100.0,-75.0,-44.0,100.0,-79.5,-70.0,-78.0,-69.0,-80.5,100.0,-86.0,100.0,100.0,-74.0,-84.0,7.747,9.931,0.0,0.0,0.0
-82.0,100.0,100.0,-72.0,-85.0,100.0,-86.0,-69.0,100.0,-84.0,100.0,100.0,100.0,-61.5,100.0,100.0,100.0,100.0,100.0,-80.0,100.0,100.0,5.959,0.416,0.0,0.0,0.0
-82.0,-84.0,100.0,-72.0,-86.0,100.0,-86.0,-69.0,-68.0,-83.5,100.0,-68.0,-76.0,-60.0,-68.0,-71.0,100.0,100.0,-63.0,-80.0,-71.0,-68.0,5.959,0.416,0.0,0.0,0.0
-88.0,-82.5,-75.0,-72.0,-87.0,-72.0,-77.0,-68.0,-69.0,-82.0,-74.0,-67.5,-76.0,-59.0,-66.5,-71.5,-66.0,100.0,-63.0,100.0,-73.5,-68.0,5.959,0.416,0.0,0.0,0.0
-88.0,-81.0,-76.0,100.0,-88.0,-72.0,-77.0,-68.0,-70.0,-81.0,-74.0,-67.0,-75.0,-59.0,-65.0,-71.0,-66.0,-76.0,-64.5,100.0,-75.5,-67.0,5.959,0.416,0.0,0.0,0.0
100.0,100.0,-75.5,100.0,-88.0,100.0,100.0,100.0,-67.0,100.0,100.0,-70.0,-74.5,100.0,100.0,-70.0,100.0,-76.0,-67.5,100.0,-75.0,-66.0,5.959,0.416,0.0,0.0,0.0
100.0,100.0,-74.0,100.0,-77.0,-66.0,100.0,-70.0,-67.5,-81.0,100.0,-70.0,-74.5,-58.0,-63.0,-69.0,-69.0,-75.0,-72.5,-75.0,-72.0,-66.0,5.959,0.416,0.0,0.0,0.0
100.0,100.0,100.0,100.0,-77.0,-66.0,100.0,-70.0,-68.0,-81.0,100.0,-70.0,-74.0,-58.0,-63.0,-68.0,-69.0,-75.0,-76.0,-75.0,-72.0,-66.0,5.959,0.416,0.0,0.0,0.0
-83.0,100.0,100.0,100.0,-77.0,-64.0,-72.0,-71.0,-68.0,100.0,-71.0,-70.0,-74.0,100.0,-64.0,100.0,100.0,-75.0,100.0,-76.0,100.0,100.0,5.959,0.416,0.0,0.0,0.0
-83.5,100.0,-77.0,100.0,-77.0,-64.0,-72.0,-71.0,-72.0,100.0,-71.0,-68.0,-76.0,100.0,-65.0,-69.0,100.0,100.0,-72.0,-76.0,100.0,100.0,5.959,0.416,0.0,0.0,0.0
-83.5,-85.0,-77.0,-70.0,-79.0,-64.0,-72.0,-74.0,-73.0,-83.0,-69.0,-68.0,-75.5,-61.0,-65.5,-69.0,-73.0,-78.0,-72.0,-77.0,-69.0,-67.0,5.959,0.416,0.0,0.0,0.0
-83.0,-79.0,100.0,-70.0,-81.5,-64.0,-72.0,-74.0,-74.0,-83.0,-69.0,-68.0,-75.0,-61.0,-65.0,-68.5,-73.0,-78.0,-72.0,-77.0,-69.5,-67.0,5.959,0.416,0.0,0.0,0.0
100.0,-73.0,100.0,-78.0,-84.0,100.0,100.0,100.0,-65.0,100.0,-80.0,-67.0,100.0,100.0,100.0,-68.0,100.0,100.0,-65.0,-78.0,-70.0,100.0,5.959,0.416,0.0,0.0,0.0
100.0,100.0,100.0,100.0,100.0,-77.0,100.0,100.0,100.0,100.0,100.0,100.0,100.0,100.0,100.0,100.0,100.0,100.0,100.0,100.0,100.0,100.0,5.959,5.174,0.0,0.0,0.0
100.0,100.0,100.0,100.0,100.0,-77.0,100.0,100.0,100.0,100.0,100.0,100.0,100.0,-71.0,100.0,100.0,100.0,-72.0,100.0,100.0,100.0,100.0,5.959,5.174,0.0,0.0,0.0
100.0,100.0,100.0,100.0,100.0,100.0,100.0,-76.0,100.0,100.0,100.0,100.0,-65.0,-71.0,100.0,-65.0,100.0,-72.0,100.0,100.0,-68.0,100.0,5.959,5.174,0.0,0.0,0.0
100.0,100.0,100.0,100.0,100.0,100.0,100.0,-76.0,100.0,100.0,100.0,100.0,-65.0,100.0,100.0,-65.0,100.0,100.0,100.0,100.0,-68.0,-66.0,5.959,5.174,0.0,0.0,0.0
100.0,100.0,100.0,100.0,100.0,100.0,100.0,100.0,100.0,100.0,100.0,100.0,100.0,100.0,100.0,100.0,100.0,100.0,100.0,100.0,100.0,-66.0,5.959,5.174,0.0,0.0,0.0
100.0,100.0,100.0,100.0,100.0,100.0,100.0,100.0,100.0,100.0,100.0,100.0,100.0,100.0,100.0,100.0,100.0,100.0,100.0,100.0,100.0,100.0,5.959,5.174,0.0,0.0,0.0
100.0,100.0,100.0,100.0,100.0,100.0,100.0,100.0,100.0,100.0,100.0,100.0,100.0,100.0,100.0,100.0,100.0,100.0,100.0,100.0,100.0,100.0,5.959,5.174,0.0,0.0,0.0
100.0,100.0,100.0,100.0,100.0,100.0,100.0,100.0,100.0,100.0,100.0,100.0,100.0,100.0,100.0,100.0,100.0,100.0,100.0,100.0,100.0,100.0,5.959,5.174,0.0,0.0,0.0
100.0,100.0,100.0,100.0,100.0,100.0,100.0,100.0,100.0,100.0,100.0,100.0,100.0,100.0,100.0,100.0,100.0,100.0,100.0,100.0,100.0,100.0,5.959,5.174,0.0,0.0,0.0
100.0,-80.0,100.0,100.0,100.0,100.0,100.0,100.0,100.0,100.0,100.0,100.0,100.0,100.0,100.0,100.0,100.0,100.0,100.0,100.0,100.0,100.0,5.959,5.174,0.0,0.0,0.0
-79.0,-80.0,-80.0,-83.0,-83.0,100.0,-81.0,-74.0,-69.0,-69.0,100.0,-82.0,-63.0,100.0,-66.0,-64.0,-72.0,100.0,-65.0,100.0,-69.0,-77.0,5.959,5.174,0.0,0.0,0.0
-79.0,-80.0,-80.0,-83.0,-83.0,100.0,-81.0,-73.5,-69.0,-69.0,100.0,-82.0,-63.0,-75.0,-66.0,-64.0,-71.5,-79.0,-65.0,100.0,-69.5,-77.0,5.959,5.174,0.0,0.0,0.0
-73.0,100.0,-90.0,100.0,-74.0,-79.0,100.0,100.0,-79.0,-60.0,-74.0,-76.0,-67.0,100.0,-67.0,-76.0,100.0,-75.0,-77.0,-69.0,-70.0,-76.0,5.959,9.931,0.0,0.0,0.0
-73.0,100.0,-87.0,100.0,-74.0,-75.0,-84.0,-71.0,-76.5,-62.5,-72.0,-76.5,-74.0,-81.0,-66.0,-76.0,100.0,-75.0,-77.0,-69.0,-73.5,-75.0,5.959,9.931,0.0,0.0,0.0
100.0,100.0,-81.0,100.0,100.0,-75.0,-84.0,-71.0,-74.0,-65.0,-70.0,-81.5,-81.0,-81.0,-64.0,100.0,100.0,100.0,-77.0,-69.0,-77.0,-78.5,5.959,9.931,0.0,0.0,0.0
100.0,100.0,-78.0,-86.0,100.0,100.0,-81.0,100.0,-78.0,100.0,100.0,-86.0,100.0,-76.0,-62.0,100.0,100.0,100.0,-87.0,100.0,100.0,-78.5,5.959,9.931,0.0,0.0,0.0
-74.0,100.0,-77.0,-86.0,-72.0,100.0,-81.0,-86.0,-77.5,-63.0,-75.0,100.0,-72.0,-76.0,-62.0,100.0,100.0,-69.0,-87.0,-66.0,-79.0,-75.0,5.959,9.931,0.0,0.0,0.0
-71.0,-85.0,-79.0,-81.0,-72.0,-77.0,-82.0,-75.0,-77.0,-63.0,-74.5,-84.0,-72.0,100.0,-66.0,-77.0,100.0,-68.0,-78.0,-63.5,-79.0,-76.5,5.959,9.931,0.0,0.0,0.0
-68.5,-85.0,-81.0,-81.5,100.0,-79.0,-83.0,-64.5,-75.0,-66.0,-74.0,-84.0,-75.0,-79.0,-69.5,-77.5,-83.0,-67.5,-79.0,-61.0,100.0,-76.0,5.959,9.931,0.0,0.0,0.0
-69.0,100.0,-80.5,-84.0,-68.0,-81.0,100.0,-66.0,-74.5,-62.0,-75.0,-82.5,-75.0,-76.5,-66.0,-77.5,-83.5,-70.0,-84.0,-63.0,-88.0,-76.5,5.959,9.931,0.0,0.0,0.0
-68.0,100.0,-81.0,-86.0,-68.0,100.0,100.0,-67.0,-74.5,-58.0,-75.0,-81.0,100.0,-74.0,-63.0,-77.0,-84.0,-72.0,-88.0,-63.0,-88.0,-78.0,5.959,9.931,0.0,0.0,0.0
-68.0,100.0,-81.0,100.0,-68.0,-80.0,100.0,-66.0,-74.0,-60.0,100.0,-82.0,-69.0,-76.0,-66.0,-75.0,-85.0,-68.0,-84.0,-62.0,-83.0,-79.0,5.959,9.931,0.0,0.0,0.0
-68.0,-87.0,-76.0,-85.0,-70.0,-81.5,-84.0,-71.0,-76.5,-60.0,-84.0,-82.0,-69.0,-76.0,-67.0,-75.0,-85.0,-67.0,-84.0,-64.0,-83.0,-79.0,5.959,9.931,0.0,0.0,0.0
100.0,-87.0,-76.0,-85.0,-72.0,-82.5,-84.0,-76.0,-80.0,-60.0,-84.0,100.0,100.0,100.0,-69.0,100.0,100.0,-66.0,100.0,-67.0,100.0,100.0,5.959,9.931,0.0,0.0,0.0
100.0,100.0,-78.0,100.0,-85.0,-77.0,100.0,100.0,-76.0,-73.0,-80.0,-76.0,-69.0,100.0,-71.0,-61.0,100.0,-64.0,-58.0,100.0,100.0,-74.0,2.384,0.416,0.0,0.0,0.0
100.0,100.0,-78.0,100.0,-85.0,-77.0,100.0,100.0,-78.0,-73.0,-80.0,-76.0,-70.0,100.0,-71.0,-61.5,100.0,-66.5,-60.0,100.0,100.0,-74.0,2.384,0.416,0.0,0.0,0.0
100.0,-84.0,100.0,100.0,100.0,-74.0,-76.0,100.0,-76.0,100.0,-74.0,-68.0,-73.0,100.0,-70.0,-61.5,100.0,-69.0,-61.0,100.0,100.0,-67.0,2.384,0.416,0.0,0.0,0.0
100.0,-84.0,100.0,-78.0,100.0,-73.0,-76.0,-78.0,-72.5,-78.0,-74.0,-70.5,-77.0,-74.0,-69.5,-61.0,-60.0,100.0,-59.0,-71.0,-72.0,-67.0,2.384,0.416,0.0,0.0,0.0
100.0,-83.5,100.0,-78.5,-77.0,-72.0,-75.0,-77.5,-73.0,-77.5,-74.0,-76.5,-78.0,-71.0,-69.0,-63.0,-60.0,-73.0,-57.0,-70.5,-70.5,-66.5,2.384,0.416,0.0,0.0,0.0
-76.0,-81.0,100.0,-79.0,-75.5,-82.0,-75.0,-77.0,-73.0,-77.0,-77.0,-80.0,-76.5,-68.0,-67.5,-61.5,-61.0,-73.0,-56.0,-72.0,-69.0,-62.0,2.384,0.416,0.0,0.0,0.0
-75.5,-79.5,100.0,-79.0,-74.0,-82.0,100.0,-79.0,-73.0,-77.0,-77.0,100.0,-76.0,100.0,-66.0,-60.0,-66.5,100.0,100.0,-73.5,-75.0,-58.0,2.384,0.416,0.0,0.0,0.0
-75.5,-80.0,100.0,-79.0,-74.0,100.0,100.0,-79.0,100.0,100.0,100.0,100.0,100.0,100.0,-66.0,-60.0,-70.5,-62.0,100.0,-72.0,-75.0,-58.0,2.384,0.416,0.0,0.0,0.0
-75.5,100.0,100.0,-84.0,-74.0,100.0,100.0,100.0,100.0,-75.0,-78.0,-65.0,100.0,100.0,-66.0,-60.0,-68.0,-62.0,-54.0,-71.5,100.0,100.0,2.384,0.416,0.0,0.0,0.0
-79.5,-78.0,100.0,-82.5,100.0,100.0,-68.0,-81.0,100.0,-75.0,-78.0,-65.0,100.0,100.0,-67.0,100.0,-68.0,100.0,-54.0,-72.0,-69.0,100.0,2.384,0.416,0.0,0.0,0.0
-85.0,-79.0,-83.0,-81.0,100.0,-81.0,-68.0,-81.0,-84.0,-88.0,-86.0,-70.0,-75.0,100.0,-67.0,-70.0,-70.0,100.0,-71.0,100.0,-70.0,-61.0,2.384,0.416,0.0,0.0,0.0
-86.0,-80.0,-83.0,-77.0,100.0,-81.0,100.0,-81.0,-84.0,-88.0,-86.0,-70.0,-75.5,100.0,-68.0,-71.0,100.0,-75.0,-71.0,100.0,-71.0,-61.0,2.384,0.416,0.0,0.0,0.0
100.0,-81.0,100.0,-82.0,100.0,-84.0,-82.0,100.0,100.0,-75.0,-79.0,-83.0,-73.0,-68.0,-60.5,100.0,100.0,-64.0,-73.0,100.0,-61.0,100.0,2.384,5.174,0.0,0.0,0.0
100.0,-81.0,100.0,-82.5,100.0,-84.0,-82.0,100.0,100.0,-75.0,-79.0,-83.0,-71.5,-67.0,-61.0,100.0,100.0,-64.0,-73.0,100.0,-61.0,100.0,2.384,5.174,0.0,0.0,0.0
100.0,-81.0,-85.0,-83.0,-80.0,100.0,-78.0,-79.0,-84.0,-77.0,100.0,-86.0,-71.0,-65.5,-62.0,100.0,-84.0,-60.0,-69.0,100.0,-67.0,-66.0,2.384,5.174,0.0,0.0,0.0
-87.0,-81.0,-85.5,-83.5,-80.0,-89.0,-77.5,-77.5,-84.0,-76.0,-77.0,-86.5,-70.5,-65.0,-62.0,-61.0,-83.5,-59.5,-68.5,-70.0,-68.5,-66.0,2.384,5.174,0.0,0.0,0.0
-87.0,-80.0,-86.5,-84.0,100.0,-89.0,-77.0,-76.0,-85.0,-75.0,-77.0,-87.0,-69.0,-65.0,-63.0,-61.0,-79.5,-59.0,-68.0,-70.0,-69.5,-71.0,2.384,5.174,0.0,0.0,0.0
-76.0,-80.0,-82.5,-78.0,-69.0,-75.0,-76.0,-78.0,-85.0,-76.0,-74.0,-89.0,-69.0,-76.0,-64.0,-74.0,-76.0,-56.0,-68.5,-64.0,-70.0,-76.0,2.384,5.174,0.0,0.0,0.0
-76.0,-81.0,-78.5,-77.5,-70.5,-75.5,-76.0,-79.5,-85.0,-75.5,-74.0,-89.0,-69.0,-75.5,-65.0,-74.0,-76.0,-56.0,-68.0,-64.0,-72.0,-76.5,2.384,5.174,0.0,0.0,0.0
-76.0,-81.0,-79.0,-77.0,-72.5,-76.0,-75.0,-82.0,-81.0,-75.5,-72.0,100.0,-69.0,-75.0,-63.0,-70.0,-76.0,-58.0,-66.5,100.0,-71.5,-77.0,2.384,5.174,0.0,0.0,0.0
-76.0,100.0,100.0,100.0,-73.0,100.0,-75.0,-83.0,-81.0,-76.0,-72.0,100.0,-69.0,100.0,-63.0,-70.0,-79.0,-58.0,-66.0,100.0,-70.0,-77.5,2.384,5.174,0.0,0.0,0.0
-82.0,100.0,100.0,100.0,-73.0,100.0,-80.0,-83.0,-80.0,-76.0,100.0,100.0,100.0,-83.0,100.0,-67.0,-78.0,100.0,100.0,100.0,100.0,-78.0,2.384,5.174,0.0,0.0,0.0
-82.0,100.0,-89.0,100.0,-74.5,-81.0,-79.5,-76.0,-81.0,-89.0,-78.0,-77.0,-66.0,-82.0,-75.0,-64.5,-77.0,-58.0,-65.0,-68.0,-63.0,-76.0,2.384,5.174,0.0,0.0,0.0
100.0,100.0,-89.0,-88.0,-76.0,-81.0,-79.0,-76.0,-82.0,-89.0,-78.0,-77.0,-65.5,-81.0,-75.0,-62.0,100.0,-58.0,-65.0,-68.0,-63.0,-76.0,2.384,5.174,0.0,0.0,0.0
-80.0,100.0,100.0,100.0,100.0,-78.0,100.0,-74.0,-86.0,100.0,100.0,100.0,100.0,100.0,100.0,100.0,100.0,100.0,100.0,100.0,100.0,100.0,2.384,9.931,0.0,0.0,0.0
-80.0,100.0,100.0,100.0,100.0,-78.0,-81.0,-74.0,-85.5,100.0,100.0,100.0,-70.0,-77.0,100.0,100.0,100.0,-79.0,100.0,100.0,100.0,100.0,2.384,9.931,0.0,0.0,0.0
-81.0,100.0,100.0,100.0,100.0,100.0,-81.0,100.0,-85.0,100.0,100.0,100.0,-70.0,-77.0,100.0,100.0,100.0,-79.0,100.0,100.0,100.0,100.0,2.384,9.931,0.0,0.0,0.0
-81.0,100.0,100.0,100.0,100.0,100.0,100.0,100.0,100.0,100.0,100.0,100.0,100.0,100.0,100.0,100.0,100.0,100.0,100.0,100.0,100.0,100.0,2.384,9.931,0.0,0.0,0.0
100.0,100.0,100.0,100.0,100.0,100.0,100.0,100.0,100.0,100.0,100.0,100.0,100.0,100.0,100.0,100.0,100.0,100.0,100.0,100.0,100.0,-78.0,2.384,9.931,0.0,0.0,0.0
100.0,100.0,100.0,100.0,100.0,100.0,100.0,100.0,100.0,100.0,100.0,100.0,100.0,100.0,100.0,100.0,100.0,100.0,100.0,100.0,100.0,-78.0,2.384,9.931,0.0,0.0,0.0
100.0,100.0,100.0,100.0,100.0,100.0,100.0,100.0,100.0,100.0,100.0,100.0,100.0,100.0,100.0,100.0,100.0,100.0,100.0,100.0,100.0,100.0,2.384,9.931,0.0,0.0,0.0
100.0,100.0,100.0,100.0,100.0,100.0,100.0,100.0,100.0,100.0,100.0,100.0,100.0,100.0,100.0,100.0,100.0,100.0,100.0,100.0,100.0,100.0,2.384,9.931,0.0,0.0,0.0
100.0,100.0,100.0,100.0,100.0,100.0,100.0,100.0,100.0,100.0,100.0,100.0,100.0,100.0,100.0,100.0,100.0,100.0,100.0,100.0,100.0,100.0,2.384,9.931,0.0,0.0,0.0
-81.0,100.0,100.0,100.0,100.0,100.0,100.0,100.0,100.0,100.0,100.0,100.0,100.0,100.0,100.0,100.0,100.0,100.0,100.0,100.0,100.0,100.0,2.384,9.931,0.0,0.0,0.0
-81.0,100.0,100.0,100.0,100.0,-79.0,100.0,-75.0,100.0,100.0,100.0,100.0,100.0,100.0,100.0,100.0,100.0,100.0,100.0,100.0,100.0,100.0,2.384,9.931,0.0,0.0,0.0
100.0,-86.0,-83.0,-87.0,-72.0,-79.0,100.0,-80.0,100.0,100.0,-80.0,100.0,-74.0,-88.0,-68.0,-76.0,100.0,-74.0,-83.0,-62.0,-72.0,-75.0,2.384,9.931,0.0,0.0,0.0
100.0,100.0,-84.0,-79.0,100.0,100.0,-65.0,100.0,100.0,100.0,100.0,100.0,100.0,100.0,-73.0,100.0,100.0,-72.0,-58.0,100.0,-64.0,-65.0,1.192,0.416,0.0,0.0,0.0
100.0,100.0,-84.0,-79.0,100.0,100.0,-66.0,100.0,100.0,100.0,100.0,100.0,100.0,-68.0,-73.0,-61.0,-85.0,-72.0,100.0,-70.0,-64.0,-65.0,1.192,0.416,0.0,0.0,0.0
100.0,100.0,100.0,100.0,-80.0,100.0,-67.0,100.0,100.0,100.0,100.0,100.0,100.0,-68.0,100.0,-61.0,-81.5,100.0,100.0,-70.0,100.0,100.0,1.192,0.416,0.0,0.0,0.0
100.0,100.0,-84.0,-83.0,-80.0,100.0,100.0,100.0,100.0,100.0,100.0,100.0,100.0,100.0,100.0,100.0,-78.0,100.0,100.0,100.0,-66.0,100.0,1.192,0.416,0.0,0.0,0.0
100.0,-82.0,-83.0,-83.0,100.0,-78.0,-69.0,-77.0,-80.0,-76.0,-78.0,-78.0,100.0,-67.0,-77.0,-61.0,-68.0,-69.0,-58.0,-66.0,-67.0,-61.0,1.192,0.416,0.0,0.0,0.0
-83.0,-80.5,-83.0,-80.0,-81.0,-79.0,-67.5,-78.5,-79.0,-76.5,-78.0,-76.5,-80.0,-68.5,-78.0,-64.5,-65.5,-69.0,-59.5,-68.0,-66.0,-61.5,1.192,0.416,0.0,0.0,0.0
-85.5,-79.0,-84.5,-78.0,-82.0,-78.5,-66.0,-80.0,-78.0,-77.0,-78.0,-75.0,-78.0,-75.5,-75.5,-68.0,-63.0,-68.0,-61.5,-70.0,-64.0,-68.5,1.192,0.416,0.0,0.0,0.0
-88.0,-82.0,-85.0,-79.0,-83.0,-77.0,-69.0,100.0,-87.0,100.0,-80.0,100.0,-76.0,-81.0,-72.5,-68.0,100.0,-68.0,-62.0,-70.0,-65.0,-75.0,1.192,0.416,0.0,0.0,0.0
100.0,-82.0,100.0,-82.0,-83.0,100.0,-72.5,100.0,-85.0,100.0,-82.0,-72.0,-77.0,-74.0,-73.5,-68.0,-69.0,100.0,-62.0,-70.0,-65.0,-64.0,1.192,0.416,0.0,0.0,0.0
-87.0,-84.0,100.0,-82.0,-85.0,100.0,-78.5,100.0,-81.0,-76.0,-79.0,-75.0,-74.5,-74.0,-73.5,-70.0,-69.0,100.0,-65.0,-75.0,-65.0,-59.5,1.192,0.416,0.0,0.0,0.0
-84.5,-84.0,100.0,-83.0,-85.0,100.0,-81.0,100.0,-79.0,-76.0,-79.0,-78.0,-71.0,-76.5,-73.0,-70.0,100.0,100.0,-68.0,-71.5,-65.0,-55.0,1.192,0.416,0.0,0.0,0.0
-82.0,100.0,100.0,-83.0,100.0,100.0,100.0,100.0,-78.0,100.0,100.0,100.0,-70.0,-79.0,-70.0,100.0,100.0,100.0,100.0,-68.0,100.0,100.0,1.192,0.416,0.0,0.0,0.0
100.0,100.0,100.0,100.0,-87.0,100.0,100.0,100.0,100.0,-82.0,100.0,100.0,100.0,100.0,100.0,100.0,100.0,100.0,100.0,-79.0,100.0,100.0,1.192,2.795,0.0,0.0,0.0
100.0,100.0,100.0,-80.0,-84.5,-75.0,100.0,100.0,-73.0,-81.5,-80.0,-76.0,-70.0,-69.0,-63.0,-67.0,-71.0,-63.0,-56.0,-72.0,-62.0,100.0,1.192,2.795,0.0,0.0,0.0
100.0,-87.0,100.0,-80.0,-82.5,-75.0,100.0,100.0,-69.0,-82.0,-80.0,-76.5,-70.0,-69.0,-63.0,-67.0,-71.5,-63.0,-56.0,-71.5,-62.0,-64.0,1.192,2.795,0.0,0.0,0.0
100.0,-87.5,-85.0,-81.0,-83.5,-74.0,-78.0,100.0,-68.5,-82.5,-86.0,-76.5,-71.0,-70.0,-63.0,-66.0,-72.0,-63.0,-56.0,-71.5,-62.0,-64.5,1.192,2.795,0.0,0.0,0.0
100.0,-88.0,-85.0,-82.5,-85.0,-73.0,-78.0,100.0,-72.0,-81.5,-86.0,-76.0,-72.5,-70.0,100.0,-66.0,-72.0,100.0,-56.0,-72.0,-62.0,-65.0,1.192,2.795,0.0,0.0,0.0
-85.0,100.0,100.0,-84.0,-84.5,100.0,-72.0,100.0,100.0,-79.5,100.0,100.0,-73.0,100.0,-63.0,-69.0,-72.0,-64.0,-65.0,100.0,-61.0,100.0,1.192,2.795,0.0,0.0,0.0
-86.0,-86.0,100.0,-84.0,-83.0,100.0,-71.0,-78.0,-77.0,-78.5,100.0,-72.0,-74.0,-70.0,-63.0,-72.0,100.0,-64.0,-63.5,-67.0,-61.5,100.0,1.192,2.795,0.0,0.0,0.0
-87.0,-86.0,100.0,-84.0,100.0,-78.0,-70.0,-78.0,-77.0,-79.0,100.0,-72.0,-75.5,-71.5,100.0,100.0,-71.0,-63.0,-62.0,-67.5,-62.0,-64.0,1.192,2.795,0.0,0.0,0.0
-85.0,-80.0,100.0,100.0,100.0,-78.0,100.0,100.0,100.0,-79.0,100.0,100.0,-77.0,-73.0,100.0,100.0,-71.0,-62.0,100.0,-68.0,100.0,-64.0,1.192,2.795,0.0,0.0,0.0
-84.5,-80.5,-88.0,-81.0,-81.0,-82.0,100.0,-83.0,100.0,-78.0,-87.0,-76.0,100.0,-76.0,-68.0,-68.0,-72.0,-66.0,-72.0,-69.0,-65.0,-65.0,1.192,2.795,0.0,0.0,0.0
-83.0,-81.5,-88.0,-81.0,-84.5,-84.0,-76.0,-83.0,100.0,-78.0,-84.0,-77.0,-71.0,-76.0,-70.5,-73.0,-73.5,-65.0,-74.0,-70.0,-65.0,-68.5,1.192,2.795,0.0,0.0,0.0
-82.0,-83.0,100.0,100.0,-88.0,-86.0,-76.5,100.0,-82.0,-78.0,-81.0,-78.5,-71.0,-74.0,-71.0,-77.0,-75.0,-63.5,-74.0,-71.5,-70.0,-72.0,1.192,2.795,0.0,0.0,0.0
100.0,-89.0,-84.0,-84.0,100.0,-75.0,100.0,100.0,-82.0,100.0,-78.0,-81.0,100.0,-73.0,-67.0,100.0,100.0,-61.0,-78.0,-72.0,100.0,-73.0,1.192,5.174,0.0,0.0,0.0
100.0,100.0,-84.5,-84.0,-78.0,-74.5,-76.0,-82.0,-82.0,-76.0,-76.0,-82.0,100.0,-74.0,-66.5,-70.0,100.0,-60.5,-78.0,-76.5,-56.0,-76.5,1.192,5.174,0.0,0.0,0.0
100.0,-88.0,-84.5,100.0,-76.0,-74.0,-76.0,-81.0,-77.0,-75.5,-73.5,-83.0,-72.0,-76.0,-66.0,-69.5,-79.0,-60.0,-80.0,-79.5,-56.5,-80.0,1.192,5.174,0.0,0.0,0.0
100.0,-88.0,-84.0,100.0,-74.0,100.0,100.0,-80.0,-77.0,-75.0,-73.0,100.0,-72.0,-78.0,100.0,-69.0,-79.0,100.0,-80.0,-78.0,-57.0,100.0,1.192,5.174,0.0,0.0,0.0
100.0,100.0,-84.0,100.0,100.0,100.0,100.0,100.0,100.0,100.0,100.0,100.0,100.0,100.0,-63.0,100.0,-77.0,100.0,100.0,100.0,100.0,-72.0,1.192,5.174,0.0,0.0,0.0
-79.0,100.0,-83.5,-83.0,-82.0,-71.0,-88.0,100.0,100.0,-72.0,-70.0,100.0,-77.0,-79.0,-63.0,-66.0,-77.0,-58.0,-74.0,100.0,-52.0,-72.5,1.192,5.174,0.0,0.0,0.0
-79.0,-81.0,-83.0,-83.0,-81.0,-71.0,-86.5,100.0,100.0,-71.5,-69.5,100.0,-78.5,-79.0,-62.5,-66.0,-78.0,-58.0,-71.5,100.0,-52.5,-73.5,1.192,5.174,0.0,0.0,0.0
-78.0,-81.0,-84.0,-81.0,-80.0,-73.0,-85.0,-84.0,100.0,-71.0,-69.0,100.0,-80.0,100.0,-62.0,-66.0,-79.0,100.0,-68.5,100.0,-53.0,-74.0,1.192,5.174,0.0,0.0,0.0
-77.5,-78.0,-83.0,-80.5,-82.0,-74.5,-79.0,-82.5,100.0,-72.0,-69.0,-82.0,-81.0,-83.0,-61.5,-65.0,-80.5,-58.0,-68.0,-77.0,-54.0,-74.0,1.192,5.174,0.0,0.0,0.0
-77.0,-78.5,-82.0,-80.5,-82.0,-76.0,-80.0,-81.0,100.0,-72.0,-69.0,-82.0,-78.5,-82.0,-61.0,-64.5,-81.0,-58.0,-68.0,-77.0,-54.5,-71.5,1.192,5.174,0.0,0.0,0.0
100.0,-79.0,-84.0,-81.0,-82.0,100.0,-83.5,-77.0,100.0,100.0,-77.0,-82.0,-78.5,-81.0,100.0,-68.5,100.0,-58.0,100.0,100.0,-55.0,-70.5,1.192,5.174,0.0,0.0,0.0
100.0,100.0,-84.5,-90.0,100.0,100.0,-86.0,-77.5,-77.0,-78.0,-84.5,-82.0,-81.0,-78.0,-68.0,-73.0,-81.0,-70.0,-76.0,100.0,100.0,-72.0,1.192,5.174,0.0,0.0,0.0
-90.0,100.0,-77.0,-83.0,100.0,-79.0,-81.0,100.0,100.0,-77.0,-77.0,-87.0,-65.0,100.0,-62.0,-70.0,100.0,-74.0,100.0,-63.0,-69.0,-75.0,1.192,7.553,0.0,0.0,0.0
100.0,100.0,-77.0,-83.0,-88.0,-79.0,-81.0,100.0,100.0,-80.0,-75.5,-88.0,-65.0,100.0,-62.0,-70.0,100.0,100.0,100.0,-62.0,-67.5,-75.0,1.192,7.553,0.0,0.0,0.0
-87.0,-90.0,100.0,-84.0,-87.0,-78.0,-79.0,-72.0,100.0,-84.0,-74.0,100.0,-63.0,-78.0,-65.0,-75.0,100.0,-71.0,-72.0,100.0,-66.0,100.0,1.192,7.553,0.0,0.0,0.0
-87.0,-88.5,-77.0,-83.5,-85.0,-77.5,-79.0,-72.0,-87.0,-85.5,-76.0,100.0,-63.0,-78.0,-65.5,-75.0,100.0,-71.0,-73.5,-61.0,-65.5,-86.0,1.192,7.553,0.0,0.0,0.0
-88.0,-87.0,-78.0,-85.0,-84.0,-77.0,-79.5,-72.0,-85.5,-84.5,-76.0,-86.0,-63.0,-77.0,-65.5,-75.0,-78.0,-71.0,-75.0,-61.5,-65.0,-86.0,1.192,7.553,0.0,0.0,0.0
-88.0,100.0,-78.5,-87.0,-77.0,-75.0,-80.5,-73.0,-84.0,-81.5,100.0,-86.0,-68.0,-76.0,-64.0,-71.0,-78.5,100.0,-75.0,-62.0,-68.0,-80.0,1.192,7.553,0.0,0.0,0.0
100.0,100.0,-78.0,-88.0,-77.0,-75.0,-81.0,-74.0,100.0,-80.0,100.0,100.0,-73.0,100.0,-63.5,-71.0,-79.0,100.0,-75.0,100.0,-68.0,-80.5,1.192,7.553,0.0,0.0,0.0
100.0,100.0,100.0,-87.0,100.0,100.0,100.0,100.0,100.0,-80.0,100.0,100.0,100.0,100.0,-64.0,100.0,-81.0,100.0,100.0,100.0,100.0,-80.0,1.192,7.553,0.0,0.0,0.0
100.0,100.0,100.0,-85.5,-77.0,-76.0,-82.0,100.0,100.0,-80.0,-72.0,-79.0,100.0,-73.0,-64.0,-68.0,-81.0,-66.0,-74.0,100.0,-69.0,-79.5,1.192,7.553,0.0,0.0,0.0
100.0,100.0,100.0,-85.0,-77.0,-76.0,-82.0,-74.0,100.0,-80.0,-72.5,-81.0,100.0,-74.0,-63.5,-68.0,-80.0,-62.0,-76.0,100.0,-69.0,-80.0,1.192,7.553,0.0,0.0,0.0
100.0,100.0,-86.0,100.0,100.0,100.0,-82.0,-74.0,-77.0,-77.0,-75.5,-83.0,-84.0,-75.0,-62.5,-70.0,-80.0,-58.0,-78.0,-59.0,-68.0,-82.5,1.192,7.553,0.0,0.0,0.0
100.0,100.0,-86.0,100.0,100.0,100.0,-82.0,100.0,-77.5,-74.5,-78.5,100.0,-84.0,100.0,-62.0,-70.0,-82.0,100.0,100.0,-59.0,-68.0,-85.0,1.192,7.553,0.0,0.0,0.0
100.0,100.0,100.0,100.0,-75.0,100.0,100.0,100.0,100.0,100.0,100.0,100.0,100.0,100.0,100.0,100.0,100.0,100.0,100.0,100.0,-85.0,100.0,1.192,9.931,0.0,0.0,0.0
100.0,100.0,100.0,-84.0,-75.0,100.0,100.0,100.0,100.0,100.0,100.0,100.0,100.0,100.0,100.0,100.0,100.0,100.0,100.0,100.0,-85.0,-70.0,1.192,9.931,0.0,0.0,0.0
-81.0,100.0,100.0,-84.0,100.0,100.0,100.0,100.0,100.0,100.0,100.0,100.0,100.0,100.0,100.0,100.0,100.0,100.0,100.0,100.0,100.0,-70.0,1.192,9.931,0.0,0.0,0.0
-81.0,100.0,100.0,100.0,100.0,100.0,100.0,100.0,100.0,100.0,100.0,100.0,100.0,100.0,100.0,100.0,100.0,100.0,100.0,100.0,100.0,100.0,1.192,9.931,0.0,0.0,0.0
100.0,100.0,100.0,100.0,100.0,100.0,100.0,-85.0,100.0,100.0,100.0,100.0,-72.0,100.0,100.0,100.0,-82.0,100.0,100.0,100.0,100.0,100.0,1.192,9.931,0.0,0.0,0.0
100.0,100.0,100.0,100.0,100.0,100.0,100.0,-85.0,100.0,100.0,100.0,100.0,-72.0,100.0,100.0,100.0,-82.0,100.0,100.0,100.0,100.0,100.0,1.192,9.931,0.0,0.0,0.0
100.0,100.0,100.0,100.0,100.0,100.0,100.0,100.0,100.0,100.0,100.0,100.0,100.0,100.0,100.0,100.0,100.0,100.0,100.0,100.0,100.0,100.0,1.192,9.931,0.0,0.0,0.0
100.0,100.0,100.0,100.0,100.0,100.0,100.0,100.0,100.0,100.0,100.0,100.0,100.0,100.0,100.0,100.0,100.0,100.0,100.0,100.0,100.0,100.0,1.192,9.931,0.0,0.0,0.0
100.0,100.0,100.0,100.0,100.0,100.0,100.0,100.0,100.0,100.0,100.0,100.0,100.0,100.0,100.0,100.0,100.0,100.0,100.0,100.0,100.0,100.0,1.192,9.931,0.0,0.0,0.0
100.0,100.0,100.0,100.0,100.0,100.0,-82.0,100.0,100.0,-77.0,100.0,100.0,100.0,100.0,100.0,100.0,100.0,100.0,100.0,100.0,-67.0,100.0,1.192,9.931,0.0,0.0,0.0
100.0,-87.0,100.0,100.0,-80.0,100.0,-82.0,-77.0,-86.0,-76.5,100.0,100.0,100.0,100.0,100.0,100.0,100.0,-72.0,-77.0,-52.0,-67.0,100.0,1.192,9.931,0.0,0.0,0.0
100.0,-86.5,-81.0,100.0,-80.0,-87.0,-83.0,-78.0,-86.5,-76.0,-76.0,100.0,-74.0,100.0,100.0,100.0,100.0,-72.5,-77.0,-52.0,-67.0,-81.0,1.192,9.931,0.0,0.0,0.0
-84.0,100.0,100.0,100.0,100.0,-84.0,100.0,100.0,-76.0,-82.0,100.0,-83.5,100.0,-73.0,-74.0,100.0,-76.0,-68.0,-84.0,-56.0,-64.0,100.0,1.192,9.931,0.0,0.0,0.0
-84.0,-84.0,-82.0,100.0,-83.0,-83.0,100.0,100.0,-77.5,-82.0,100.0,-83.5,-74.0,-73.0,-72.0,-76.0,-76.0,-66.5,-83.0,-55.0,-63.5,100.0,1.192,9.931,0.0,0.0,0.0
-84.0,-84.0,-82.0,100.0,-83.0,-82.5,100.0,100.0,-78.0,100.0,100.0,-84.0,-74.0,100.0,-68.0,-76.0,-75.0,-64.5,-82.0,-54.0,-63.0,100.0,1.192,9.931,0.0,0.0,0.0
-83.5,100.0,-81.0,100.0,100.0,-83.0,-83.0,-88.0,-78.5,100.0,-83.0,-87.0,-84.0,-74.0,-67.0,100.0,-76.0,-64.5,-73.0,100.0,-63.0,100.0,1.192,9.931,0.0,0.0,0.0
-85.0,-88.0,-82.5,100.0,100.0,-86.0,-82.0,-88.0,-78.0,-81.0,-81.5,-88.0,-79.5,-74.0,-68.0,-80.0,-78.5,-65.5,-73.0,100.0,-63.0,-87.0,1.192,9.931,0.0,0.0,0.0
-87.0,-84.0,-84.0,-86.0,100.0,-86.0,-80.0,100.0,-76.0,-80.5,-80.0,-89.0,-74.0,-74.0,-66.0,-80.0,-82.5,-66.5,-70.0,100.0,100.0,-80.5,1.192,9.931,0.0,0.0,0.0
100.0,-80.5,-84.0,-86.0,100.0,-73.0,-80.5,-84.0,100.0,-80.0,100.0,100.0,-71.5,-74.0,-65.5,-76.0,-83.0,-68.0,-70.0,-50.0,-62.0,-74.0,1.192,9.931,0.0,0.0,0.0
-74.0,-81.0,-87.0,100.0,100.0,-74.0,-83.0,-82.5,-75.0,-80.0,-79.0,-86.0,-69.5,-74.0,-65.0,-78.0,-78.5,-69.0,-74.0,-50.0,-62.0,-75.0,1.192,9.931,0.0,0.0,0.0
-74.0,-81.0,-86.5,100.0,-86.0,-75.0,-83.5,-82.5,-75.5,-83.0,-80.0,-84.0,-70.5,-74.0,-66.0,-80.5,-77.0,-69.0,-75.0,-50.0,-62.5,-76.0,1.192,9.931,0.0,0.0,0.0
-74.0,-82.0,-87.0,100.0,-83.0,100.0,-83.0,-84.0,-75.0,-86.0,-81.0,-82.0,-72.0,-74.5,-65.5,-80.0,-77.5,-69.0,-77.5,-50.0,-63.0,-76.5,1.192,9.931,0.0,0.0,0.0
-77.5,-83.0,-88.0,100.0,-80.0,100.0,-81.0,-82.5,-77.0,-87.0,100.0,-83.0,-73.5,-75.0,-65.0,-80.0,-77.0,-69.0,-79.0,-54.0,-63.0,-79.5,1.192,9.931,0.0,0.0,0.0
-81.0,-84.0,-89.0,100.0,-81.0,100.0,-81.0,-81.5,-79.5,-87.0,-83.0,-83.0,-75.0,-76.0,-72.0,-81.0,-82.0,100.0,-75.0,-58.5,-64.0,-83.0,1.192,9.931,0.0,0.0,0.0
100.0,-81.0,100.0,100.0,100.0,-80.0,-88.0,-84.0,-85.0,-83.0,-79.0,-84.0,-72.0,-72.0,-78.0,-78.0,-76.0,100.0,100.0,-75.0,-61.0,-70.0,1.192,7.553,0.0,0.0,0.0
-86.0,-81.0,-83.0,-84.0,100.0,-80.5,-88.0,-84.0,-84.0,-82.5,-84.0,-84.0,-72.5,-70.0,-78.0,-78.5,-78.5,100.0,-77.0,-76.0,-60.5,-71.0,1.192,7.553,0.0,0.0,0.0
-86.0,-84.0,-82.5,-84.0,-84.0,-80.0,100.0,-77.0,-81.0,-82.0,-84.5,-81.5,-77.0,100.0,-71.0,-78.0,-83.0,-72.0,-77.5,-78.0,-60.5,-72.0,1.192,7.553,0.0,0.0,0.0
-84.0,-83.5,-82.0,100.0,-85.0,-80.0,100.0,-79.5,-79.0,-83.0,-79.5,-79.0,-79.5,-70.0,-71.0,-75.5,-82.5,-70.5,-80.0,-80.5,-61.5,-73.5,1.192,7.553,0.0,0.0,0.0
-84.0,-83.0,100.0,-78.0,-86.5,-82.0,100.0,-80.5,-80.0,-81.0,-80.0,-78.0,-77.5,-69.5,-70.0,-74.0,-80.0,-68.0,-78.0,-82.5,-61.5,-73.5,1.192,7.553,0.0,0.0,0.0
100.0,-83.0,-87.0,-78.0,-87.0,-83.0,-83.0,-81.0,-77.5,-79.0,-78.5,-77.0,-78.5,-69.0,-71.5,-74.0,-70.0,-67.0,-72.0,-75.5,-60.5,-70.0,1.192,7.553,0.0,0.0,0.0
100.0,100.0,-87.5,-83.0,100.0,-82.0,-83.0,-81.5,-74.0,100.0,-76.0,100.0,-80.0,100.0,-75.5,-77.0,-70.0,-65.0,-70.0,-68.0,-60.0,-68.0,1.192,7.553,0.0,0.0,0.0
100.0,-81.0,-88.0,-83.0,100.0,-83.5,-79.0,-79.5,-74.5,-77.0,-77.0,-87.0,-80.0,-76.0,-77.0,-76.0,-69.5,-64.0,-70.0,-73.0,-62.0,-69.0,1.192,7.553,0.0,0.0,0.0
100.0,-81.5,100.0,-80.0,100.0,-85.0,-79.5,-78.5,-75.0,-77.0,-77.0,-86.0,-80.0,-77.0,100.0,-74.5,-68.5,-63.0,-70.0,-73.5,-62.0,-69.0,1.192,7.553,0.0,0.0,0.0
100.0,-82.0,100.0,-80.0,100.0,100.0,-80.0,-78.0,-75.0,100.0,100.0,-85.0,-77.0,-80.0,100.0,-72.5,-68.0,-63.0,-70.0,-74.0,-62.0,-69.0,1.192,7.553,0.0,0.0,0.0
100.0,100.0,100.0,100.0,-82.0,-82.0,100.0,100.0,-75.0,-85.0,-75.0,-84.0,-77.5,-77.5,-75.0,-71.5,-78.0,100.0,-77.0,100.0,100.0,100.0,1.192,7.553,0.0,0.0,0.0
100.0,100.0,100.0,100.0,-82.0,-82.0,100.0,-82.0,-78.0,-82.0,-75.0,-83.5,-79.0,-73.5,-74.5,-72.0,-78.0,-68.0,-76.5,-68.0,-66.0,-73.0,1.192,7.553,0.0,0.0,0.0
-85.0,-80.0,-84.0,100.0,-85.0,-77.0,-77.0,-82.0,-79.0,-82.0,100.0,-85.0,100.0,100.0,-78.0,-67.0,-79.0,-64.0,-76.0,-79.0,-54.5,-67.0,1.192,5.174,0.0,0.0,0.0
-85.0,-80.0,-84.0,-84.0,-85.0,-77.0,-77.0,-79.5,-79.0,-82.5,100.0,-85.0,100.0,-69.0,-78.0,-66.0,-79.0,-64.0,100.0,-75.0,-55.0,-67.0,1.192,5.174,0.0,0.0,0.0
100.0,100.0,100.0,-84.0,-85.0,100.0,100.0,-77.0,100.0,-83.0,100.0,100.0,100.0,-69.0,-73.0,-65.0,-74.0,100.0,100.0,-75.0,100.0,100.0,1.192,5.174,0.0,0.0,0.0
100.0,-85.0,100.0,-82.0,-85.0,-77.0,-77.0,-77.0,100.0,-82.0,-83.0,100.0,-89.0,100.0,-73.0,-66.0,-74.0,-70.0,-76.0,-72.0,-55.0,-68.0,1.192,5.174,0.0,0.0,0.0
100.0,-84.0,-88.0,-81.5,-85.0,-77.0,-78.5,-77.0,-76.0,-80.5,-80.5,100.0,-89.0,100.0,-74.0,-67.5,100.0,-69.0,-75.5,-72.5,-55.0,-68.0,1.192,5.174,0.0,0.0,0.0
100.0,-80.0,-87.0,-81.0,100.0,100.0,-78.5,-80.0,-76.0,-79.0,-78.5,-77.0,100.0,100.0,-75.0,-69.0,-70.0,-69.0,-71.0,-73.0,-53.0,-72.0,1.192,5.174,0.0,0.0,0.0
100.0,-76.0,-86.0,100.0,100.0,-81.0,-78.5,-81.0,-77.0,100.0,-79.0,-77.0,-69.0,-80.0,-77.5,-72.0,-70.0,-70.0,-66.0,-74.0,-52.5,-72.0,1.192,5.174,0.0,0.0,0.0
-88.0,-75.0,100.0,100.0,100.0,-80.5,-81.0,-78.5,-77.0,-85.0,100.0,-78.0,-68.5,-79.5,-80.0,-71.5,-70.0,-69.0,-65.0,-73.5,-52.0,-69.0,1.192,5.174,0.0,0.0,0.0
-88.0,-75.0,100.0,100.0,100.0,-81.0,-82.0,-78.0,-82.0,-85.0,100.0,-78.0,-68.0,-79.0,100.0,-71.0,-70.0,-69.0,-65.0,-73.0,-52.0,-69.0,1.192,5.174,0.0,0.0,0.0
100.0,100.0,100.0,100.0,100.0,-82.0,-83.0,100.0,-80.0,100.0,100.0,100.0,100.0,100.0,100.0,-72.0,100.0,100.0,-70.0,-87.0,100.0,100.0,1.192,5.174,0.0,0.0,0.0
100.0,100.0,100.0,100.0,100.0,100.0,-83.5,100.0,-78.0,100.0,100.0,-80.0,100.0,100.0,-79.0,-72.0,100.0,100.0,-69.5,-87.0,-61.0,100.0,1.192,5.174,0.0,0.0,0.0
100.0,100.0,100.0,100.0,100.0,100.0,-83.0,100.0,100.0,100.0,-82.0,-80.0,100.0,100.0,-79.5,100.0,100.0,100.0,-68.5,-84.0,-60.5,100.0,1.192,5.174,0.0,0.0,0.0
100.0,100.0,100.0,100.0,100.0,100.0,100.0,100.0,100.0,100.0,100.0,100.0,100.0,100.0,100.0,100.0,-71.0,100.0,100.0,100.0,-74.0,100.0,1.192,2.795,0.0,0.0,0.0
100.0,100.0,100.0,100.0,100.0,100.0,100.0,100.0,100.0,100.0,100.0,100.0,100.0,100.0,100.0,100.0,100.0,100.0,-64.0,100.0,-73.0,100.0,1.192,2.795,0.0,0.0,0.0
100.0,100.0,100.0,100.0,100.0,100.0,100.0,100.0,100.0,100.0,100.0,100.0,100.0,100.0,100.0,100.0,100.0,100.0,-64.0,100.0,100.0,100.0,1.192,2.795,0.0,0.0,0.0
100.0,100.0,100.0,-88.0,100.0,100.0,100.0,100.0,100.0,100.0,100.0,100.0,100.0,100.0,100.0,100.0,100.0,100.0,100.0,100.0,100.0,100.0,1.192,2.795,0.0,0.0,0.0
100.0,100.0,-87.0,-86.0,100.0,100.0,-89.0,100.0,100.0,-88.0,-75.0,-76.0,100.0,100.0,100.0,-82.0,-80.0,100.0,-61.0,100.0,100.0,100.0,1.192,2.795,0.0,0.0,0.0
100.0,100.0,-87.0,-84.0,100.0,100.0,-89.0,100.0,100.0,-88.0,-75.0,-76.0,100.0,100.0,100.0,-82.0,-80.0,100.0,-61.0,100.0,100.0,100.0,1.192,2.795,0.0,0.0,0.0
100.0,100.0,100.0,100.0,100.0,100.0,100.0,100.0,100.0,100.0,100.0,100.0,100.0,100.0,100.0,100.0,100.0,100.0,100.0,100.0,100.0,100.0,1.192,2.795,0.0,0.0,0.0
100.0,100.0,100.0,100.0,100.0,100.0,100.0,100.0,100.0,100.0,100.0,100.0,100.0,100.0,100.0,100.0,100.0,100.0,100.0,100.0,100.0,100.0,1.192,2.795,0.0,0.0,0.0
100.0,100.0,100.0,100.0,100.0,100.0,100.0,100.0,100.0,100.0,100.0,100.0,100.0,100.0,100.0,100.0,100.0,100.0,100.0,100.0,100.0,100.0,1.192,2.795,0.0,0.0,0.0
100.0,100.0,100.0,100.0,100.0,100.0,-77.0,100.0,100.0,100.0,-82.0,-82.0,100.0,100.0,100.0,100.0,-73.0,100.0,-58.0,100.0,-65.0,100.0,1.192,2.795,0.0,0.0,0.0
100.0,-83.0,100.0,-81.0,100.0,-84.0,-77.0,100.0,-84.0,100.0,-82.0,-82.0,-79.0,-74.0,-77.0,-79.0,-73.0,100.0,-58.0,-80.0,-65.0,-56.0,1.192,2.795,0.0,0.0,0.0
100.0,-84.0,100.0,-80.0,-86.0,-84.0,-76.0,100.0,-84.0,100.0,-82.0,100.0,-80.5,-73.5,-77.5,-80.0,-74.0,-83.0,-61.0,-80.0,-65.0,-56.5,1.192,2.795,0.0,0.0,0.0
100.0,100.0,-90.0,-76.0,100.0,100.0,-73.0,100.0,-79.0,-83.0,-86.0,-74.0,-71.0,-77.0,100.0,100.0,-66.0,-85.0,-67.0,100.0,100.0,-52.0,1.192,0.416,0.0,0.0,0.0
100.0,100.0,-90.0,-76.0,100.0,100.0,-73.0,100.0,-79.0,-83.0,-86.0,-74.5,-71.0,-77.0,-81.0,100.0,-66.0,-82.0,-67.0,100.0,100.0,-52.0,1.192,0.416,0.0,0.0,0.0
100.0,100.0,100.0,100.0,100.0,100.0,100.0,100.0,-79.0,-85.0,100.0,-75.0,100.0,100.0,-81.0,100.0,-67.0,-82.0,100.0,100.0,100.0,100.0,1.192,0.416,0.0,0.0,0.0
100.0,100.0,100.0,100.0,100.0,100.0,100.0,100.0,-79.0,-85.0,100.0,100.0,100.0,-77.0,100.0,100.0,-67.0,-82.0,-68.0,100.0,100.0,100.0,1.192,0.416,0.0,0.0,0.0
100.0,100.0,-88.0,100.0,100.0,-80.0,100.0,-84.0,-78.0,100.0,-83.0,-75.0,100.0,-78.0,-88.0,-82.0,-68.0,100.0,-68.0,100.0,100.0,100.0,1.192,0.416,0.0,0.0,0.0
100.0,100.0,-88.0,100.0,-90.0,-80.0,-74.0,-81.5,-78.0,100.0,-79.0,-75.0,100.0,-80.5,-88.0,-82.0,-67.5,-87.0,-61.0,-75.0,-76.0,100.0,1.192,0.416,0.0,0.0,0.0
100.0,100.0,100.0,-87.0,-87.5,100.0,-73.0,-79.0,-81.0,100.0,-75.5,100.0,100.0,-80.0,100.0,100.0,-66.0,-87.0,-61.0,-74.0,-76.0,-50.0,1.192,0.416,0.0,0.0,0.0
100.0,100.0,-84.0,-87.0,-85.0,100.0,-72.0,-84.0,-81.0,100.0,-76.0,-77.0,-67.0,-78.5,-79.0,100.0,-66.0,100.0,-61.0,-72.5,-82.0,-50.0,1.192,0.416,0.0,0.0,0.0
100.0,100.0,-86.0,-85.0,-84.5,-80.0,-72.0,-83.5,-80.5,-84.0,-76.0,-77.5,-67.0,-80.0,-79.5,-81.0,-67.0,-87.0,-61.0,-72.5,-82.0,-49.5,1.192,0.416,0.0,0.0,0.0
100.0,100.0,-87.0,-85.0,-84.0,-80.0,-72.0,-81.5,-79.0,-84.5,-82.5,-78.0,-67.0,-82.0,-80.0,-81.0,-67.0,-87.0,-61.0,-73.0,100.0,-49.5,1.192,0.416,0.0,0.0,0.0
100.0,100.0,-86.0,-83.0,-83.0,-86.0,100.0,-82.0,-80.5,-85.0,-89.0,100.0,-73.0,-83.0,-80.0,-74.0,-67.0,-82.0,-69.0,-80.0,-71.0,-52.5,1.192,0.416,0.0,0.0,0.0
100.0,-88.0,100.0,-83.0,-83.5,-85.5,100.0,-82.5,-84.5,100.0,100.0,100.0,-72.5,100.0,-80.0,-74.0,-76.0,-82.0,-69.0,-80.0,-71.0,-55.0,1.192,0.416,0.0,0.0,0.0
100.0,-85.0,-84.0,100.0,-80.0,100.0,100.0,-73.0,-82.0,-80.0,100.0,100.0,-75.0,-83.0,-67.0,100.0,100.0,-56.0,-73.0,-58.0,100.0,-69.0,2.384,9.931,0.0,0.0,0.0
100.0,-82.0,-84.0,100.0,-80.0,100.0,100.0,-73.0,-82.0,-80.0,100.0,100.0,-75.0,-83.0,-67.0,100.0,100.0,-56.0,-73.0,-58.0,100.0,-69.0,2.384,9.931,0.0,0.0,0.0
100.0,-82.0,100.0,100.0,100.0,100.0,100.0,-73.5,100.0,100.0,100.0,100.0,100.0,100.0,100.0,-70.0,100.0,100.0,100.0,-59.0,100.0,100.0,2.384,9.931,0.0,0.0,0.0
100.0,100.0,100.0,100.0,-75.0,100.0,100.0,-74.0,100.0,100.0,100.0,100.0,100.0,100.0,100.0,-70.0,100.0,100.0,100.0,-54.0,100.0,100.0,2.384,9.931,0.0,0.0,0.0
100.0,100.0,100.0,100.0,-75.0,100.0,100.0,100.0,100.0,100.0,-73.0,100.0,100.0,100.0,100.0,100.0,100.0,100.0,100.0,-54.0,100.0,100.0,2.384,9.931,0.0,0.0,0.0
-76.0,-81.0,-88.0,-85.0,-73.0,100.0,100.0,100.0,-81.0,100.0,-73.5,100.0,-74.0,-72.0,-73.0,-74.0,-74.0,100.0,100.0,-61.0,100.0,-68.0,2.384,9.931,0.0,0.0,0.0
-76.0,-80.5,-87.0,-85.0,-72.5,-76.0,100.0,100.0,-82.0,-74.0,-74.5,-86.0,-74.0,-71.5,-73.0,-75.0,-74.0,100.0,-82.0,-62.0,-73.0,-67.5,2.384,9.931,0.0,0.0,0.0
-76.0,-80.0,-86.5,-84.5,-72.0,-75.5,100.0,-80.0,-83.0,-74.0,-74.5,-86.0,-74.0,-71.0,-72.0,-76.0,-74.0,100.0,-82.0,-63.0,-73.0,-66.5,2.384,9.931,0.0,0.0,0.0
-76.0,-80.0,-87.0,-84.0,100.0,-75.0,100.0,-80.0,-83.0,-74.0,-74.0,100.0,-74.0,-71.0,-72.0,-76.0,-74.0,-56.0,-82.0,100.0,100.0,-66.0,2.384,9.931,0.0,0.0,0.0
100.0,100.0,100.0,-89.0,-81.0,100.0,-85.0,-80.0,-88.0,100.0,-74.0,100.0,100.0,100.0,100.0,-72.0,100.0,-58.0,100.0,100.0,100.0,100.0,2.384,9.931,0.0,0.0,0.0
-78.0,100.0,-85.0,-89.0,-81.0,100.0,-84.5,100.0,-88.0,100.0,-78.5,100.0,-69.0,-68.0,100.0,-71.5,-79.0,-60.0,100.0,100.0,100.0,-77.0,2.384,9.931,0.0,0.0,0.0
-80.0,100.0,-85.0,-89.0,-79.0,-82.0,-84.0,100.0,-87.0,-77.0,-82.0,-84.0,-71.0,-68.0,-86.0,-71.5,-77.0,-58.0,-68.0,100.0,-75.0,-77.0,2.384,9.931,0.0,0.0,0.0
-86.0,100.0,100.0,100.0,100.0,100.0,-82.0,-74.0,100.0,-75.0,-74.0,-77.0,-73.0,100.0,-82.0,-68.0,-72.0,100.0,-65.0,-77.0,100.0,-65.0,2.384,5.174,0.0,0.0,0.0
-86.0,100.0,100.0,100.0,-88.0,100.0,-81.0,-74.0,100.0,-75.0,-73.5,-79.0,-73.0,-72.0,-79.5,-67.5,-72.0,100.0,-65.0,-77.0,-66.0,-67.0,2.384,5.174,0.0,0.0,0.0
100.0,100.0,-84.0,-80.0,-86.0,-73.0,-79.5,-74.5,-78.0,-76.0,-73.0,-79.5,-72.0,-74.5,-76.0,-68.0,-68.0,-71.0,-66.0,-81.0,-67.0,-69.0,2.384,5.174,0.0,0.0,0.0
100.0,100.0,-84.0,-80.0,-84.0,-73.0,-79.0,-74.5,-78.0,-76.0,-73.0,-76.5,-72.0,-77.0,-76.5,-69.0,-67.5,-72.5,-66.0,-81.0,-68.0,-65.0,2.384,5.174,0.0,0.0,0.0
-84.0,100.0,100.0,-80.0,100.0,-73.0,100.0,-74.0,-78.0,-77.0,-71.0,-75.0,100.0,-72.0,-78.0,-68.0,-67.0,-76.5,-61.0,-72.0,-69.0,-65.0,2.384,5.174,0.0,0.0,0.0
-83.5,100.0,100.0,100.0,100.0,-73.0,100.0,-74.0,-78.0,-77.0,-71.0,100.0,100.0,-72.0,100.0,-68.0,100.0,-79.0,-57.5,-72.0,-69.5,100.0,2.384,5.174,0.0,0.0,0.0
-83.5,100.0,100.0,100.0,100.0,100.0,100.0,100.0,-84.0,100.0,100.0,100.0,100.0,100.0,100.0,-61.0,100.0,100.0,-54.0,100.0,-70.0,100.0,2.384,5.174,0.0,0.0,0.0
-84.0,100.0,100.0,100.0,100.0,100.0,100.0,-87.0,-84.0,100.0,100.0,100.0,100.0,100.0,100.0,-61.0,100.0,-64.0,100.0,-70.0,100.0,-64.0,2.384,5.174,0.0,0.0,0.0
100.0,100.0,100.0,100.0,100.0,100.0,100.0,-87.0,100.0,100.0,100.0,100.0,100.0,100.0,100.0,100.0,100.0,-64.0,100.0,-70.0,100.0,-64.0,2.384,5.174,0.0,0.0,0.0
100.0,100.0,100.0,100.0,100.0,100.0,100.0,100.0,100.0,100.0,100.0,100.0,100.0,100.0,100.0,-63.0,100.0,-81.0,100.0,100.0,100.0,100.0,2.384,5.174,0.0,0.0,0.0
-87.0,-84.0,-87.0,-90.0,100.0,100.0,100.0,-79.0,100.0,-79.0,-75.0,-78.0,-70.0,-72.0,-68.0,-63.0,100.0,-79.5,-64.0,-75.0,-65.0,-63.0,2.384,5.174,0.0,0.0,0.0
-87.0,-84.0,-88.0,-90.0,100.0,100.0,100.0,-79.0,100.0,-79.0,-75.0,-78.0,-70.0,-72.0,-68.0,-63.0,100.0,-78.0,-62.5,-75.0,-65.0,-63.0,2.384,5.174,0.0,0.0,0.0
100.0,100.0,100.0,100.0,100.0,100.0,100.0,100.0,100.0,100.0,100.0,100.0,100.0,100.0,100.0,100.0,100.0,100.0,100.0,100.0,100.0,100.0,2.384,0.416,0.0,0.0,0.0
100.0,100.0,100.0,100.0,100.0,100.0,100.0,100.0,100.0,100.0,100.0,100.0,100.0,-66.0,100.0,100.0,100.0,100.0,100.0,100.0,-75.0,100.0,2.384,0.416,0.0,0.0,0.0
100.0,100.0,100.0,100.0,100.0,100.0,100.0,100.0,100.0,100.0,100.0,100.0,100.0,-66.0,100.0,100.0,100.0,100.0,100.0,100.0,-75.0,100.0,2.384,0.416,0.0,0.0,0.0
100.0,100.0,100.0,100.0,100.0,100.0,-87.0,100.0,100.0,100.0,100.0,100.0,100.0,100.0,-77.0,-68.0,100.0,100.0,100.0,-74.0,100.0,100.0,2.384,0.416,0.0,0.0,0.0
100.0,100.0,100.0,100.0,100.0,100.0,-87.0,100.0,100.0,100.0,100.0,100.0,100.0,100.0,-77.0,-68.0,100.0,100.0,100.0,-74.0,100.0,100.0,2.384,0.416,0.0,0.0,0.0
100.0,100.0,100.0,100.0,100.0,100.0,100.0,100.0,100.0,100.0,100.0,100.0,100.0,100.0,100.0,100.0,100.0,100.0,100.0,100.0,100.0,100.0,2.384,0.416,0.0,0.0,0.0
100.0,100.0,100.0,100.0,100.0,100.0,100.0,100.0,100.0,100.0,100.0,100.0,100.0,100.0,100.0,100.0,100.0,100.0,100.0,100.0,100.0,100.0,2.384,0.416,0.0,0.0,0.0
100.0,100.0,100.0,100.0,100.0,100.0,100.0,100.0,100.0,100.0,100.0,100.0,100.0,100.0,100.0,100.0,100.0,100.0,100.0,100.0,100.0,100.0,2.384,0.416,0.0,0.0,0.0
100.0,100.0,100.0,100.0,100.0,100.0,100.0,100.0,100.0,100.0,100.0,100.0,100.0,100.0,100.0,100.0,100.0,100.0,100.0,100.0,100.0,100.0,2.384,0.416,0.0,0.0,0.0
100.0,100.0,100.0,100.0,100.0,100.0,100.0,100.0,-72.0,100.0,100.0,100.0,100.0,100.0,100.0,100.0,100.0,100.0,100.0,100.0,100.0,-68.0,2.384,0.416,0.0,0.0,0.0
-87.0,100.0,100.0,-79.0,100.0,-79.0,-76.0,-84.0,-72.0,100.0,100.0,-70.0,100.0,100.0,-72.0,100.0,-64.0,-72.0,100.0,-78.0,-79.0,-68.0,2.384,0.416,0.0,0.0,0.0
-87.0,100.0,100.0,-79.0,100.0,-79.0,-76.0,-84.0,100.0,100.0,100.0,-70.0,-84.0,100.0,-72.0,100.0,-63.0,-72.0,100.0,-78.0,-79.0,100.0,2.384,0.416,0.0,0.0,0.0
100.0,-82.0,100.0,100.0,-78.0,-77.0,100.0,-80.0,100.0,100.0,100.0,100.0,-60.0,-69.0,-55.0,100.0,100.0,-60.0,-68.0,-65.0,-71.0,-72.0,5.959,9.931,0.0,0.0,0.0
-83.0,-82.0,-83.0,100.0,-79.0,-76.0,-80.0,-80.0,100.0,-71.0,-85.0,-81.0,-57.5,-69.0,-55.0,-74.0,-84.0,-60.0,-68.5,-65.0,-72.0,-72.0,5.959,9.931,0.0,0.0,0.0
-83.5,100.0,-83.0,100.0,-79.0,-76.0,-80.0,100.0,100.0,-71.0,-85.0,-81.0,-55.0,-69.0,-58.0,-74.0,-84.0,-60.0,-69.0,-65.0,-73.0,-72.0,5.959,9.931,0.0,0.0,0.0
-80.0,100.0,100.0,100.0,-74.0,-77.0,100.0,-81.0,-79.0,100.0,-78.0,-82.0,100.0,100.0,-58.0,-82.0,-88.0,-61.0,100.0,100.0,-70.0,-71.0,5.959,9.931,0.0,0.0,0.0
-76.0,100.0,-78.0,100.0,-74.0,-77.0,100.0,-80.0,-80.5,-69.0,-83.0,-82.0,100.0,-63.0,-58.0,-79.0,-88.0,-63.0,100.0,100.0,-70.0,-71.0,5.959,9.931,0.0,0.0,0.0
-73.0,-88.0,-82.0,100.0,-79.0,-79.0,100.0,-77.5,-82.0,-69.0,-81.5,100.0,-61.0,-66.0,-53.0,-69.5,-72.0,-66.0,-66.0,-73.0,100.0,-67.0,5.959,9.931,0.0,0.0,0.0
-73.5,-84.5,-84.0,-85.0,-77.5,-83.0,-81.0,-80.5,-73.0,-67.0,-78.0,-81.0,-61.5,-66.5,-53.5,-64.0,-71.0,-64.5,-67.0,-71.5,-72.0,-67.0,5.959,9.931,0.0,0.0,0.0
-74.0,-80.5,-82.0,-84.5,-75.0,-87.0,-82.5,-83.5,-73.0,-66.0,-82.5,-82.0,-63.0,-64.5,-54.0,-64.5,-69.5,-62.0,-68.0,-70.0,-73.5,-67.0,5.959,9.931,0.0,0.0,0.0
100.0,-80.0,100.0,-84.0,-74.0,100.0,-84.0,-82.0,-73.0,-65.0,-84.0,-83.0,-64.0,-65.0,-54.0,-64.0,-69.0,-62.0,-68.0,-70.0,-75.0,-67.0,5.959,9.931,0.0,0.0,0.0
100.0,100.0,100.0,100.0,100.0,100.0,-82.0,-83.0,100.0,-65.0,100.0,-85.0,100.0,100.0,100.0,-65.0,-70.0,100.0,100.0,100.0,100.0,100.0,5.959,9.931,0.0,0.0,0.0
100.0,-86.0,-83.0,-85.0,-79.0,100.0,-82.5,-82.0,-76.0,-65.0,-82.0,-83.5,-66.0,-75.0,-61.0,-68.5,-70.5,-65.0,-78.0,-61.0,100.0,100.0,5.959,9.931,0.0,0.0,0.0
100.0,-86.0,-83.0,-85.0,-79.5,100.0,-85.0,-80.5,-75.5,-72.0,-80.5,-82.5,-66.5,-74.5,-56.5,-72.0,-71.0,-64.5,-77.5,-61.5,-73.0,-77.0,5.959,9.931,0.0,0.0,0.0
-89.0,-82.0,-81.0,100.0,-81.0,-77.0,-88.0,-85.0,100.0,-76.0,-69.0,100.0,-77.5,100.0,100.0,-52.0,100.0,-68.0,-68.0,-82.0,100.0,-67.0,5.959,5.174,0.0,0.0,0.0
-89.0,-82.5,-84.0,100.0,-81.0,-77.0,-88.0,-84.0,100.0,-76.0,-72.0,100.0,-76.0,100.0,100.0,-52.0,-58.0,-68.0,-69.0,-82.0,100.0,-67.0,5.959,5.174,0.0,0.0,0.0
100.0,-83.0,-86.0,100.0,-80.0,100.0,100.0,-83.5,-75.0,100.0,-74.5,100.0,-75.0,100.0,100.0,100.0,-58.5,-68.0,-68.5,-77.0,100.0,100.0,5.959,5.174,0.0,0.0,0.0
100.0,-83.0,-86.0,100.0,-80.5,100.0,-83.0,-84.0,-74.5,-76.0,-76.0,-85.0,-75.0,-62.0,-75.0,-54.0,-58.5,-70.0,-67.0,-77.0,-66.0,-66.0,5.959,5.174,0.0,0.0,0.0
100.0,-83.0,-84.5,-86.0,-79.5,-78.0,-84.5,-80.0,-73.0,-76.5,-78.0,-79.5,-78.0,-61.0,-74.0,-55.5,-58.0,-73.0,-64.0,-79.5,-65.5,-66.5,5.959,5.174,0.0,0.0,0.0
100.0,100.0,-83.0,-86.0,-78.0,-78.0,-86.0,-80.0,-73.0,-77.0,-65.0,-75.0,-78.0,-60.0,-69.0,-57.0,-68.0,-74.0,-63.0,-75.0,-65.0,-67.0,5.959,5.174,0.0,0.0,0.0
100.0,100.0,100.0,-81.0,100.0,100.0,100.0,-82.0,-74.0,100.0,-64.5,-76.0,100.0,100.0,-65.0,100.0,-68.0,-72.0,-62.0,-68.0,100.0,100.0,5.959,5.174,0.0,0.0,0.0
100.0,-82.0,100.0,-81.0,100.0,100.0,100.0,-82.0,100.0,100.0,-64.0,100.0,100.0,100.0,100.0,100.0,100.0,-72.0,100.0,-68.0,100.0,100.0,5.959,5.174,0.0,0.0,0.0
-83.0,-82.0,100.0,-82.0,-82.0,-75.0,100.0,100.0,100.0,-76.0,100.0,-78.0,-69.0,-61.0,-66.0,-62.0,100.0,-70.0,-59.0,100.0,-68.0,-74.0,5.959,5.174,0.0,0.0,0.0
-83.0,-82.0,100.0,-81.0,-84.0,-75.0,100.0,100.0,-75.0,-78.0,-66.0,-78.0,-72.5,-61.0,-66.0,-60.0,-64.0,-70.0,-63.0,100.0,-68.0,-72.5,5.959,5.174,0.0,0.0,0.0
100.0,-81.0,100.0,-79.5,-86.0,100.0,100.0,100.0,-78.0,-82.0,-70.5,-80.0,-76.0,-68.0,-77.0,-59.5,-64.0,100.0,-69.5,-73.0,-74.0,-71.0,5.959,5.174,0.0,0.0,0.0
100.0,-81.0,100.0,-79.0,100.0,100.0,100.0,100.0,-81.0,-84.0,-75.0,-82.0,-76.0,-68.0,-77.0,-61.0,-64.0,100.0,-72.0,-73.0,-74.0,-71.0,5.959,5.174,0.0,0.0,0.0
-82.0,100.0,100.0,-76.0,100.0,100.0,100.0,-84.0,-69.0,100.0,-72.0,-75.0,100.0,100.0,-77.0,-79.0,100.0,-79.0,100.0,-70.0,-70.0,-70.5,5.959,0.416,0.0,0.0,0.0
-81.5,100.0,-84.0,-76.0,100.0,100.0,-84.0,-84.0,-70.5,100.0,-72.0,-75.0,-76.0,-68.0,-75.0,-78.0,100.0,-79.0,100.0,-70.0,-70.0,-71.0,5.959,0.416,0.0,0.0,0.0
-80.0,-89.0,-84.0,100.0,-81.0,100.0,-83.5,-77.0,-70.5,-78.0,-73.0,100.0,-75.5,-68.5,-73.5,-77.0,-57.0,-78.0,100.0,-69.5,-69.0,-70.0,5.959,0.416,0.0,0.0,0.0
-79.0,-86.5,-89.0,-81.0,-81.5,-68.0,-82.5,-77.0,-69.0,-78.0,-73.0,-73.0,-75.0,-69.0,-74.0,-77.5,-56.5,-78.0,-62.0,-69.0,-70.0,-70.0,5.959,0.416,0.0,0.0,0.0
-79.0,-84.0,-89.0,-81.0,-82.0,-68.0,-82.0,-77.0,-69.5,100.0,-73.0,-73.0,100.0,-70.0,-75.5,-78.0,-56.0,100.0,-62.0,-69.0,-70.5,100.0,5.959,0.416,0.0,0.0,0.0
-78.0,100.0,100.0,100.0,100.0,100.0,-73.0,-89.0,-70.5,-75.0,100.0,100.0,100.0,-68.0,-80.0,-76.0,-60.0,100.0,-61.5,-69.5,-66.0,-72.0,5.959,0.416,0.0,0.0,0.0
-78.0,100.0,100.0,100.0,100.0,100.0,-73.0,-89.0,-71.0,-75.0,100.0,100.0,-71.0,-65.0,-81.5,-76.0,-59.5,100.0,-61.0,-70.0,-62.0,-72.0,5.959,0.416,0.0,0.0,0.0
-79.0,100.0,100.0,100.0,100.0,100.0,-73.0,100.0,-71.0,100.0,100.0,100.0,-71.0,-64.0,-80.0,100.0,-59.0,100.0,100.0,-70.5,100.0,100.0,5.959,0.416,0.0,0.0,0.0
-78.5,-78.0,100.0,-73.0,-82.0,-76.0,-79.0,100.0,-69.0,100.0,-71.0,-66.0,-68.0,-67.5,-84.0,-75.0,-57.0,-71.0,-62.0,-71.0,-64.0,-73.0,5.959,0.416,0.0,0.0,0.0
-78.0,-78.0,100.0,-73.0,-82.5,-74.5,-81.5,-78.0,-70.5,100.0,-72.5,-67.0,-68.5,-70.5,-85.0,-74.5,-58.0,-71.0,-62.0,100.0,-71.5,-73.0,5.959,0.416,0.0,0.0,0.0
100.0,-83.0,100.0,100.0,-83.0,-72.5,-84.0,-77.0,-77.5,-89.0,-74.0,-67.0,-72.5,-72.5,-81.5,-72.5,-57.5,-75.0,-65.0,-75.0,-79.0,100.0,5.959,0.416,0.0,0.0,0.0
100.0,-83.0,100.0,100.0,-83.0,-72.5,100.0,-76.0,-83.0,-89.0,100.0,-65.5,-76.0,-75.0,-81.0,-71.0,-56.0,-75.0,-65.0,-75.0,100.0,100.0,5.959,0.416,0.0,0.0,0.0
-75.0,-75.0,-84.0,-88.0,100.0,-70.0,-86.0,100.0,-80.0,-60.0,100.0,-69.0,-79.0,100.0,100.0,-73.0,100.0,100.0,-75.0,-65.0,-72.0,-74.0,7.747,9.931,0.0,0.0,0.0
-75.0,-75.0,-82.0,-88.0,-74.0,-70.5,-86.0,100.0,-82.0,-60.5,100.0,-67.0,-72.0,-75.0,-65.0,-73.0,-72.0,100.0,-75.0,-65.0,-72.0,-75.0,7.747,9.931,0.0,0.0,0.0
-76.0,-75.0,-80.0,100.0,-74.0,-71.0,100.0,100.0,-84.0,-61.0,100.0,-65.0,-65.0,-74.5,-65.0,100.0,-73.0,100.0,100.0,-65.0,100.0,-77.0,7.747,9.931,0.0,0.0,0.0
-76.0,-75.0,100.0,100.0,-69.0,100.0,100.0,100.0,100.0,-59.0,100.0,100.0,100.0,-74.0,100.0,100.0,-74.5,-73.0,-83.0,-64.0,-78.0,-78.0,7.747,9.931,0.0,0.0,0.0
100.0,100.0,-81.0,100.0,-70.5,-67.0,-82.0,100.0,100.0,-59.0,-70.0,-66.0,-68.0,-74.0,-65.0,-73.0,-75.0,-73.5,-83.0,-64.0,-78.0,-78.0,7.747,9.931,0.0,0.0,0.0
100.0,-82.0,-81.0,100.0,-72.0,-67.0,-82.0,-76.0,100.0,-58.0,-70.0,-66.0,-63.0,-69.0,-71.0,-73.0,100.0,-71.0,-74.0,-64.0,-82.0,-81.0,7.747,9.931,0.0,0.0,0.0
100.0,-82.0,100.0,-88.0,-74.0,-67.0,100.0,-76.0,100.0,-58.0,-70.0,100.0,-58.0,-69.5,-77.0,100.0,-89.0,-68.0,-73.0,-64.5,-82.5,-81.5,7.747,9.931,0.0,0.0,0.0
100.0,-82.0,-85.0,-88.0,-74.0,-67.0,-75.0,-76.0,-78.0,-58.0,-70.0,-70.0,-58.0,-69.0,-77.0,-73.0,-89.0,-68.0,-73.0,-65.0,-82.5,-82.0,7.747,9.931,0.0,0.0,0.0
100.0,-82.5,-86.5,100.0,-73.5,-67.0,-75.0,-75.5,-78.0,-58.5,-70.5,-69.5,-58.0,-68.0,-76.0,-73.0,-89.0,-68.0,-74.0,-65.0,-81.5,-82.0,7.747,9.931,0.0,0.0,0.0
100.0,-83.0,-87.0,100.0,-73.0,100.0,-74.0,-74.5,-78.0,-59.0,-71.0,-69.0,-60.0,-70.0,-72.5,100.0,-84.0,100.0,-74.0,-69.0,-81.0,100.0,7.747,9.931,0.0,0.0,0.0
-80.0,-80.0,-86.0,-86.0,-72.0,-84.0,-74.0,-72.0,-78.5,-62.0,-72.5,-73.0,-64.0,-78.0,-68.0,-67.0,-81.5,100.0,-78.0,-73.0,-79.5,-92.0,7.747,9.931,0.0,0.0,0.0
-80.0,-77.0,100.0,-85.5,-71.0,-84.0,-74.0,-71.0,-79.0,-62.0,-73.0,-73.0,-66.0,-86.0,-66.0,-67.0,-79.0,100.0,-82.0,-72.5,-78.0,-92.0,7.747,9.931,0.0,0.0,0.0
-81.0,-85.0,-87.0,-75.0,100.0,-75.0,-66.0,-72.0,-65.0,-82.0,-61.0,100.0,-69.0,-71.0,-78.0,100.0,-73.0,-77.0,100.0,100.0,-79.0,100.0,7.747,5.174,0.0,0.0,0.0
-81.0,-85.0,-87.0,-75.0,100.0,-75.0,-66.0,100.0,-65.0,-82.0,-61.0,100.0,-69.0,-71.0,-78.0,100.0,-74.0,-77.0,100.0,100.0,-79.0,-74.0,7.747,5.174,0.0,0.0,0.0
100.0,100.0,-78.0,-74.0,-82.0,100.0,100.0,-74.0,100.0,-77.0,-59.0,100.0,-68.0,-85.0,100.0,-62.0,100.0,100.0,100.0,100.0,-78.0,-75.5,7.747,5.174,0.0,0.0,0.0
-84.0,-81.0,-78.0,-74.0,-82.0,100.0,100.0,-74.0,-66.0,-77.0,-59.0,-76.0,-68.0,-85.0,100.0,-62.0,100.0,-72.0,100.0,100.0,-78.0,-77.0,7.747,5.174,0.0,0.0,0.0
-84.0,-78.5,100.0,100.0,100.0,-71.0,100.0,100.0,-66.0,100.0,-64.0,-76.0,-65.0,100.0,-70.0,-64.0,-77.0,-71.5,100.0,-81.0,100.0,100.0,7.747,5.174,0.0,0.0,0.0
-83.0,-76.5,-77.0,100.0,-83.0,-75.0,-74.0,-78.0,100.0,-84.0,-66.0,100.0,-65.0,-72.0,-70.0,-64.0,-77.0,-71.0,-84.0,-81.0,-74.0,100.0,7.747,5.174,0.0,0.0,0.0
-82.5,-76.0,-78.0,-88.0,-81.0,-79.0,-74.0,-80.0,100.0,-84.0,-68.0,100.0,100.0,-72.0,-69.0,-65.0,100.0,100.0,-84.0,100.0,-74.0,100.0,7.747,5.174,0.0,0.0,0.0
-82.0,-74.5,-79.5,-88.0,-79.0,-75.0,-73.0,-80.5,100.0,-83.5,-65.0,-70.0,-64.0,-71.0,-70.0,-65.0,-84.0,-78.0,-84.0,100.0,-74.0,100.0,7.747,5.174,0.0,0.0,0.0
-82.0,-74.0,-80.0,100.0,100.0,-75.0,-73.0,-79.0,-66.0,-83.0,-65.0,-72.0,-64.0,-71.0,-71.0,-65.0,-84.0,-79.0,-84.0,100.0,-74.0,100.0,7.747,5.174,0.0,0.0,0.0
-81.5,-76.0,100.0,100.0,100.0,-75.0,-76.0,-76.0,-65.5,-85.0,-71.0,-73.5,-64.0,-69.0,-70.0,-64.0,100.0,-80.0,-86.0,100.0,-74.0,100.0,7.747,5.174,0.0,0.0,0.0
-80.0,-77.0,100.0,100.0,100.0,-75.0,-76.0,-79.0,-65.0,-78.0,-68.5,-70.0,-64.0,-67.5,-70.0,-64.0,-75.0,100.0,-86.0,100.0,-74.0,100.0,7.747,5.174,0.0,0.0,0.0
-79.5,-78.5,100.0,-74.0,100.0,-88.0,100.0,-81.5,100.0,-70.5,-66.0,-67.5,-81.0,-65.0,100.0,100.0,-75.0,-90.0,100.0,100.0,100.0,100.0,7.747,5.174,0.0,0.0,0.0
100.0,-69.0,100.0,-76.0,100.0,-75.0,-76.0,100.0,-69.0,-74.0,100.0,-80.0,-85.0,-70.0,-77.0,-77.0,100.0,100.0,100.0,-77.0,100.0,100.0,7.747,0.416,0.0,0.0,0.0
100.0,-69.0,-79.0,-76.0,100.0,-74.5,-76.0,100.0,-68.5,-74.0,100.0,-76.5,-85.0,-71.0,-76.5,-77.5,-64.0,-81.0,-73.0,-76.5,-74.0,-76.0,7.747,0.416,0.0,0.0,0.0
100.0,-69.0,-79.0,-76.0,100.0,-74.0,100.0,100.0,-68.0,-74.0,100.0,-73.0,-85.0,-72.0,-76.0,-78.0,-64.0,-81.0,-73.0,-76.0,-74.0,-76.0,7.747,0.416,0.0,0.0,0.0
100.0,100.0,100.0,100.0,100.0,100.0,100.0,100.0,100.0,100.0,100.0,100.0,100.0,100.0,100.0,100.0,100.0,100.0,100.0,100.0,100.0,100.0,7.747,0.416,0.0,0.0,0.0
100.0,100.0,100.0,100.0,100.0,100.0,100.0,100.0,100.0,100.0,-81.0,100.0,100.0,100.0,-73.0,100.0,100.0,100.0,100.0,100.0,100.0,100.0,7.747,0.416,0.0,0.0,0.0
100.0,100.0,100.0,100.0,100.0,100.0,100.0,100.0,100.0,100.0,-81.0,100.0,100.0,100.0,-73.0,100.0,100.0,100.0,100.0,100.0,100.0,100.0,7.747,0.416,0.0,0.0,0.0
100.0,100.0,100.0,100.0,100.0,100.0,100.0,100.0,100.0,100.0,100.0,100.0,100.0,100.0,100.0,100.0,100.0,100.0,100.0,100.0,100.0,100.0,7.747,0.416,0.0,0.0,0.0
100.0,100.0,100.0,100.0,100.0,100.0,100.0,100.0,100.0,100.0,100.0,100.0,100.0,100.0,100.0,100.0,100.0,100.0,100.0,100.0,100.0,100.0,7.747,0.416,0.0,0.0,0.0
100.0,100.0,100.0,100.0,100.0,100.0,100.0,100.0,100.0,100.0,100.0,100.0,100.0,100.0,100.0,100.0,100.0,100.0,100.0,100.0,100.0,100.0,7.747,0.416,0.0,0.0,0.0
100.0,-70.0,-85.0,100.0,100.0,100.0,-77.0,100.0,100.0,100.0,100.0,100.0,100.0,100.0,100.0,100.0,100.0,100.0,100.0,100.0,100.0,100.0,7.747,0.416,0.0,0.0,0.0
100.0,-69.5,-85.0,100.0,-81.0,100.0,-77.5,100.0,-83.0,100.0,-75.0,100.0,100.0,100.0,100.0,-80.0,-71.0,-74.0,-68.0,-78.0,-76.0,-70.0,7.747,0.416,0.0,0.0,0.0
-85.0,-70.5,-85.5,-69.0,-80.5,-69.0,-78.5,-74.0,-83.0,-75.0,-75.0,-58.0,-74.0,-69.0,100.0,-81.0,-70.5,-74.0,-68.0,-78.0,-76.0,-70.0,7.747,0.416,0.0,0.0,0.0
100.0,100.0,100.0,100.0,-65.0,100.0,100.0,100.0,100.0,-75.0,100.0,-72.0,100.0,100.0,-71.0,100.0,100.0,-81.0,100.0,100.0,100.0,-73.0,10.727,9.931,0.0,0.0,0.0
-77.0,-86.0,100.0,100.0,-65.5,-66.0,100.0,-54.0,-62.0,-75.5,100.0,-72.0,100.0,-78.0,-71.0,-75.0,100.0,-81.0,-71.0,-73.0,-82.0,-73.0,10.727,9.931,0.0,0.0,0.0
-75.0,-85.0,-75.0,-74.0,-65.0,-66.5,-72.0,-56.0,-62.0,-74.5,-70.0,100.0,-62.0,-78.0,-71.0,-75.0,100.0,100.0,-71.0,-73.5,-82.0,100.0,10.727,9.931,0.0,0.0,0.0
-72.5,-83.5,-74.5,-74.5,-64.0,-67.0,-72.0,-58.0,100.0,-72.0,-70.0,-80.0,-61.5,100.0,100.0,100.0,-79.0,-78.0,-71.5,-75.0,100.0,-77.0,10.727,9.931,0.0,0.0,0.0
-72.0,-83.0,-74.0,-75.0,-64.0,-68.5,-72.0,-58.0,100.0,-71.0,-70.0,-80.0,-61.0,100.0,-70.0,-72.0,-79.0,-78.0,-72.5,-75.0,-77.0,-77.0,10.727,9.931,0.0,0.0,0.0
100.0,-79.0,-78.0,-80.0,-62.0,-70.0,-69.0,-61.0,-64.0,100.0,-68.0,100.0,-70.0,-67.0,-73.0,-70.0,-80.0,-75.0,-73.0,-74.0,-77.0,-74.0,10.727,9.931,0.0,0.0,0.0
-68.0,-78.0,-78.5,-80.0,-62.0,100.0,-69.0,-61.5,-64.0,100.0,-68.0,100.0,-69.5,-68.0,-76.0,-68.0,-79.5,-75.0,-72.5,-74.0,-77.0,-74.0,10.727,9.931,0.0,0.0,0.0
-68.0,-77.0,-80.0,100.0,-62.0,-73.0,-70.0,-62.5,100.0,-66.0,-68.0,100.0,-69.0,-69.0,-76.0,-68.0,-79.0,-75.0,-72.0,100.0,-77.0,100.0,10.727,9.931,0.0,0.0,0.0
-68.0,-80.0,-81.0,100.0,-62.0,-73.0,-70.0,-62.5,100.0,-66.0,100.0,100.0,100.0,-69.0,100.0,100.0,-80.0,100.0,100.0,100.0,100.0,100.0,10.727,9.931,0.0,0.0,0.0
100.0,-84.0,-81.0,-81.0,-62.0,100.0,-70.0,-62.0,100.0,-66.0,100.0,-75.0,-69.0,100.0,100.0,-68.0,-80.0,100.0,100.0,100.0,100.0,-74.0,10.727,9.931,0.0,0.0,0.0
-75.0,-86.0,-84.0,-81.0,-62.0,100.0,-85.0,-62.0,100.0,100.0,-68.0,-75.0,-68.0,100.0,-81.0,-72.5,-80.0,-78.0,100.0,-81.0,-85.0,-74.0,10.727,9.931,0.0,0.0,0.0
-74.5,-83.5,-84.0,-81.0,-66.0,100.0,-83.5,-58.0,100.0,-65.0,-68.0,-75.0,-67.0,-74.0,-80.0,-77.0,-80.0,-78.0,100.0,-81.0,-85.0,100.0,10.727,9.931,0.0,0.0,0.0
-83.0,-76.0,100.0,-76.0,-75.0,-64.0,-73.0,-65.0,-56.0,-81.0,-61.0,-60.0,-66.0,-65.0,-77.0,100.0,100.0,-76.0,-70.0,-82.0,-78.0,-76.0,10.727,5.174,0.0,0.0,0.0
-82.0,-79.0,100.0,-75.0,-75.0,-64.0,-73.5,-65.0,-55.5,-83.0,-61.0,-59.5,-66.0,-65.0,-80.0,100.0,-83.0,-76.5,-70.0,-82.0,-78.0,-76.0,10.727,5.174,0.0,0.0,0.0
-81.0,-82.0,-74.0,-74.0,-75.0,-61.0,-74.0,-62.0,-56.0,-85.0,-62.0,-59.0,-68.0,-66.0,-79.5,-84.0,-83.0,-77.0,100.0,-76.0,-80.0,-78.0,10.727,5.174,0.0,0.0,0.0
-80.0,-82.0,-74.0,100.0,-75.0,-61.0,100.0,-62.0,-56.0,100.0,-62.0,-59.0,-68.0,-66.0,-79.0,-81.0,100.0,-77.5,-72.0,-75.5,-81.0,-78.0,10.727,5.174,0.0,0.0,0.0
-80.0,100.0,100.0,100.0,100.0,100.0,100.0,100.0,100.0,-86.0,100.0,100.0,-72.0,100.0,100.0,-78.0,100.0,-77.5,-72.0,-74.0,-80.0,100.0,10.727,5.174,0.0,0.0,0.0
-77.0,-75.0,100.0,100.0,-80.0,100.0,-69.0,100.0,-55.0,-79.0,100.0,-64.0,-72.0,100.0,-72.0,100.0,-70.0,-75.5,-69.0,-73.0,100.0,-77.0,10.727,5.174,0.0,0.0,0.0
-74.5,-75.0,-76.0,-79.0,-80.0,100.0,-68.5,-70.0,-55.5,-71.5,100.0,-64.0,-73.0,-60.0,-72.0,100.0,-70.5,-74.0,-68.5,-74.0,-81.0,-77.0,10.727,5.174,0.0,0.0,0.0
-75.0,-78.0,-76.0,-78.5,-80.0,-74.0,-69.5,-70.0,-56.0,-71.0,-57.0,-65.0,-71.0,-60.5,-72.0,-69.0,-71.0,-73.0,-68.0,-75.5,-79.0,-76.5,10.727,5.174,0.0,0.0,0.0
-75.0,-77.5,100.0,-78.5,-79.5,-74.0,-71.0,100.0,-56.0,-72.0,-57.0,-65.0,-69.5,-60.5,-74.0,-70.0,100.0,-73.0,-68.0,-77.0,-77.0,-76.0,10.727,5.174,0.0,0.0,0.0
-75.5,-77.0,100.0,-75.5,-79.0,-74.5,-68.0,-67.0,-62.0,-74.5,-57.0,-65.0,-70.0,-60.0,-79.0,-71.0,100.0,-72.0,-68.0,100.0,-80.5,-77.0,10.727,5.174,0.0,0.0,0.0
-76.0,-76.5,100.0,-72.0,100.0,-75.0,-68.0,-69.5,-63.0,-77.0,-60.5,100.0,-71.0,-68.0,-84.0,100.0,-81.0,-72.0,-68.0,-82.0,-83.0,-77.0,10.727,5.174,0.0,0.0,0.0
100.0,-76.0,100.0,100.0,-84.0,-75.0,100.0,-72.0,-64.0,100.0,-64.0,100.0,-72.0,-68.5,-84.0,100.0,-81.0,100.0,-70.0,-82.0,-82.0,-79.0,10.727,5.174,0.0,0.0,0.0
100.0,-78.0,-83.0,-69.0,-78.0,-68.0,-61.0,-83.0,-74.0,-76.0,-68.0,100.0,100.0,-68.0,-74.0,100.0,100.0,-83.0,-76.0,-74.0,-71.0,100.0,10.727,0.416,0.0,0.0,0.0
-89.0,-79.0,-83.5,-69.0,-78.0,-67.0,-69.5,-84.0,-72.0,-76.0,-68.5,100.0,-70.0,-67.5,-75.0,-83.0,-73.0,-82.5,-73.0,-74.0,-71.0,-70.0,10.727,0.416,0.0,0.0,0.0
-89.0,-78.5,-81.5,-68.0,-77.5,-65.5,-77.0,-81.0,-68.0,-75.0,-69.0,100.0,-69.5,-66.5,-75.0,-79.5,-73.0,-83.0,-69.5,-75.0,-71.5,-70.0,10.727,0.416,0.0,0.0,0.0
-89.0,-77.0,-79.0,-68.0,-77.0,-65.0,-79.5,-79.5,-65.5,-74.0,-68.0,-66.0,-69.0,-65.5,-74.5,-76.0,100.0,-84.0,-69.0,-75.0,-72.0,-72.0,10.727,0.416,0.0,0.0,0.0
-85.5,-70.0,-88.0,-68.0,-79.0,100.0,-77.0,-82.0,-64.5,-72.5,-68.0,-63.5,-70.0,-62.5,-75.0,-79.0,100.0,-82.0,-69.0,-78.0,100.0,-74.5,10.727,0.416,0.0,0.0,0.0
-82.0,-70.0,-86.5,100.0,-78.5,100.0,-71.0,-69.0,-64.0,-72.0,100.0,-61.0,-71.0,-58.0,100.0,-77.5,100.0,-80.5,-72.0,-78.0,-73.0,-76.0,10.727,0.416,0.0,0.0,0.0
100.0,-74.0,-85.0,-64.0,-79.0,100.0,-66.0,-69.0,100.0,-85.0,-76.0,100.0,100.0,-56.0,100.0,-78.5,100.0,-79.5,-72.0,100.0,-73.5,-75.0,10.727,0.416,0.0,0.0,0.0
-79.0,-76.0,100.0,-65.5,-81.5,-69.0,-66.0,-71.0,100.0,-85.0,-80.0,-59.0,100.0,-57.0,-77.0,-79.0,100.0,-80.0,-72.5,-77.0,-74.0,100.0,10.727,0.416,0.0,0.0,0.0
-77.5,-76.5,100.0,-64.5,-79.5,-71.0,-58.0,-69.5,-64.0,100.0,-81.0,-59.5,100.0,-57.0,-77.0,-78.0,-73.0,-75.0,-70.5,-78.0,-73.0,100.0,10.727,0.416,0.0,0.0,0.0
-76.0,-74.0,-86.0,-62.5,-76.5,-72.5,-58.5,-68.0,-63.5,100.0,-76.5,-60.0,100.0,-60.0,-83.0,-78.0,-72.5,-76.0,-68.0,-79.0,-72.0,-78.0,10.727,0.416,0.0,0.0,0.0
100.0,-71.5,-86.0,-63.0,-77.0,-72.0,-59.0,-68.0,-63.0,100.0,-75.0,-60.5,100.0,-71.0,-83.0,-77.0,-72.0,-77.0,-68.0,100.0,-72.0,-78.0,10.727,0.416,0.0,0.0,0.0
-80.0,-69.5,100.0,-76.0,-80.0,-70.0,-61.0,100.0,100.0,-72.0,-75.0,-61.0,-81.0,-84.0,100.0,-83.0,-72.0,100.0,-67.0,-89.0,-89.0,-76.0,10.727,0.416,0.0,0.0,0.0
-82.0,-75.0,-64.0,-77.0,100.0,-68.0,-78.0,-70.0,-71.0,100.0,100.0,100.0,100.0,-78.0,-71.0,-79.0,100.0,100.0,-82.0,-71.0,-85.0,-80.0,12.514,9.931,0.0,0.0,0.0
-77.0,-72.5,-63.5,-79.0,-49.0,-68.0,-76.5,-70.0,-70.5,-64.0,-76.0,100.0,100.0,-78.0,-70.0,-79.0,-77.0,100.0,-83.0,-71.0,-85.0,-80.0,12.514,9.931,0.0,0.0,0.0
-71.5,-70.0,-63.0,-81.0,-49.0,-67.0,-75.0,100.0,-71.5,-64.0,-76.0,100.0,-69.0,100.0,-69.0,-78.0,-78.0,100.0,-82.0,-71.0,-93.0,100.0,12.514,9.931,0.0,0.0,0.0
-71.0,-72.0,-62.0,-78.0,-49.0,-67.5,-77.0,-71.0,-71.5,-69.0,-81.0,-79.0,-69.0,-82.0,-69.0,-78.0,-79.0,100.0,-81.0,100.0,-89.5,-77.0,12.514,9.931,0.0,0.0,0.0
100.0,-72.0,-63.0,-79.0,-49.0,-68.5,-77.0,-71.0,-70.0,-69.0,-81.0,-79.0,-69.0,-82.0,-70.0,-80.0,-79.0,-83.0,-82.0,-74.0,-86.0,-77.0,12.514,9.931,0.0,0.0,0.0
-61.0,100.0,-64.0,-74.5,-48.5,-73.5,100.0,-74.0,-75.0,-69.0,-76.0,100.0,-70.0,-82.0,-71.0,-79.0,-81.5,-83.0,100.0,-72.5,-80.0,-77.0,12.514,9.931,0.0,0.0,0.0
-61.5,100.0,-76.0,-69.0,-47.0,-77.0,-68.0,-74.0,-75.0,100.0,-76.0,-84.0,-71.0,100.0,-70.0,-77.5,-84.0,-74.0,-79.0,-70.5,-80.5,-77.0,12.514,9.931,0.0,0.0,0.0
-62.5,-67.0,-74.0,-69.0,-46.0,-76.0,-68.5,-81.0,100.0,-68.0,-74.0,-84.0,-71.0,100.0,-70.0,-77.5,-84.0,-74.0,-79.0,-70.0,-80.5,-77.0,12.514,9.931,0.0,0.0,0.0
-63.0,-67.0,-70.5,-69.0,-48.0,-78.0,-68.0,-76.0,-72.0,-66.5,-75.0,-79.0,-70.0,-86.0,-73.0,-77.0,-83.0,-75.0,-81.0,-70.0,-80.0,-77.0,12.514,9.931,0.0,0.0,0.0
-62.5,-67.0,-69.0,-69.0,-48.0,-78.0,-67.0,-71.0,-72.0,-67.5,-76.5,-79.0,-71.0,-86.0,-73.0,-76.0,-83.5,-75.0,-81.0,-70.0,-80.0,-77.0,12.514,9.931,0.0,0.0,0.0
-62.0,-72.0,100.0,100.0,-52.0,-64.0,-75.0,-71.0,-92.0,-70.0,-77.0,100.0,-78.0,100.0,-73.0,-79.0,-84.0,100.0,-90.0,-83.0,100.0,100.0,12.514,9.931,0.0,0.0,0.0
100.0,-72.0,-72.0,-79.0,-52.0,-64.5,-75.0,-70.0,-88.0,-70.0,-79.0,-79.0,-84.0,-84.0,100.0,-79.0,-88.0,100.0,-90.0,-83.0,-87.0,100.0,12.514,9.931,0.0,0.0,0.0
-88.0,100.0,100.0,100.0,100.0,100.0,100.0,100.0,100.0,100.0,100.0,100.0,100.0,-71.5,-86.0,100.0,-75.0,100.0,100.0,100.0,100.0,100.0,12.514,5.174,0.0,0.0,0.0
-84.0,100.0,-69.0,-63.0,-74.0,-49.0,100.0,100.0,-69.0,100.0,-71.0,100.0,-86.0,-72.0,-81.0,100.0,-75.0,100.0,100.0,-88.0,-86.0,-85.0,12.514,5.174,0.0,0.0,0.0
-80.0,100.0,-69.0,-62.5,-74.0,-49.0,100.0,100.0,-69.0,100.0,-71.0,100.0,-86.0,-70.0,-76.0,100.0,100.0,100.0,100.0,-88.0,-86.0,-85.5,12.514,5.174,0.0,0.0,0.0
100.0,100.0,-69.0,-62.0,-72.0,100.0,-71.0,100.0,100.0,100.0,-72.0,100.0,100.0,100.0,100.0,100.0,100.0,100.0,100.0,100.0,-87.0,-83.0,12.514,5.174,0.0,0.0,0.0
-82.0,-65.0,-70.0,-61.0,-75.5,-50.0,-71.0,100.0,-72.0,-79.0,-71.0,-71.0,-77.0,-73.0,-90.0,-82.0,-76.0,-79.0,-79.0,-84.0,-87.0,-80.0,12.514,5.174,0.0,0.0,0.0
-82.5,-65.0,-72.0,-65.5,-79.0,-49.5,-69.0,100.0,-69.0,-80.5,-70.5,-76.5,-77.5,-73.0,-90.0,-82.0,-76.0,-77.5,-76.5,-84.0,100.0,-78.0,12.514,5.174,0.0,0.0,0.0
-83.5,100.0,-73.0,-70.0,-71.0,-49.0,-66.5,-73.0,-66.0,-80.5,-71.0,-81.5,-78.0,100.0,100.0,100.0,100.0,-76.0,-74.0,-81.0,-82.0,-78.0,12.514,5.174,0.0,0.0,0.0
-84.0,-73.0,-73.0,-73.0,-71.5,-49.0,-67.0,-73.0,-67.0,-79.0,-69.5,-81.0,100.0,100.0,-78.0,-82.0,-77.0,-77.0,-74.0,-81.0,-80.5,-79.0,12.514,5.174,0.0,0.0,0.0
100.0,-68.5,-74.0,-70.5,-72.0,-49.0,-66.5,-73.0,-67.5,-79.0,-68.0,-78.0,-78.0,-73.0,-78.0,-82.5,-77.0,-78.0,-74.0,-81.0,-80.5,-79.5,12.514,5.174,0.0,0.0,0.0
100.0,-74.0,-74.0,-68.0,100.0,-49.0,-65.0,-73.0,-67.0,100.0,100.0,-78.0,-81.0,-73.0,-80.5,-84.0,-89.0,100.0,-74.5,-81.0,-82.0,-80.0,12.514,5.174,0.0,0.0,0.0
-88.0,-86.0,-70.0,-74.0,-77.0,-49.5,-67.0,-77.0,-68.0,-87.0,-73.0,-77.0,-86.5,-71.0,-84.0,-85.0,-88.0,100.0,-79.5,-81.0,-87.0,100.0,12.514,5.174,0.0,0.0,0.0
-88.0,-88.0,-70.0,-74.0,-77.0,-50.0,-67.0,-77.0,-68.0,-87.0,-73.0,-77.0,-89.0,-71.0,-85.0,100.0,-86.5,100.0,-84.0,-81.0,-87.0,100.0,12.514,5.174,0.0,0.0,0.0
-87.0,-68.0,-76.0,-71.0,-78.0,-67.0,-52.0,-91.0,100.0,-86.0,-75.0,-67.0,100.0,-69.0,-79.0,-78.0,-70.0,-84.0,-65.0,-88.0,-79.0,-79.0,12.514,0.416,0.0,0.0,0.0
-87.0,-70.0,-76.0,-71.0,-78.0,-67.0,-52.5,-91.0,100.0,-86.0,-75.0,-67.0,100.0,-68.5,-79.0,-78.0,-70.0,-84.0,-64.5,-88.0,-79.0,-76.0,12.514,0.416,0.0,0.0,0.0
-80.0,-72.0,-84.0,-69.0,100.0,-67.0,-53.0,100.0,-60.0,100.0,100.0,-62.0,-79.0,-68.0,100.0,-85.0,-73.0,-88.0,-64.0,100.0,-79.0,-73.0,12.514,0.416,0.0,0.0,0.0
-80.0,-72.0,-84.0,-69.0,100.0,-67.0,-55.0,100.0,-60.0,100.0,-74.0,-62.0,-78.5,-68.0,-82.0,-85.0,-73.0,-88.0,-65.0,-85.0,-79.0,100.0,12.514,0.416,0.0,0.0,0.0
-80.0,-72.0,100.0,-68.0,-78.0,-66.5,-54.0,-84.0,-68.0,100.0,-73.5,100.0,-75.5,-68.0,-82.0,-85.0,-72.0,-88.0,-65.0,-85.0,-79.0,-74.0,12.514,0.416,0.0,0.0,0.0
-83.0,-65.0,100.0,-67.0,-80.0,-74.0,-53.5,-80.0,-76.0,-81.0,-72.5,-73.0,-73.5,-73.0,-82.0,-77.0,-70.0,-87.0,100.0,100.0,-79.0,-73.0,12.514,0.416,0.0,0.0,0.0
-84.5,-64.0,-75.0,-66.0,-81.5,-82.0,-54.5,-75.5,100.0,-81.5,-72.0,-73.0,-74.0,-77.5,-83.0,-77.0,-68.0,-84.5,-71.0,100.0,-82.0,-71.0,12.514,0.416,0.0,0.0,0.0
-81.0,-64.0,-75.0,100.0,-81.0,-86.0,-54.5,-76.0,-72.0,-82.0,-73.0,-70.0,100.0,-77.0,-84.0,-77.0,-68.5,-81.5,-70.5,100.0,-83.5,-70.0,12.514,0.416,0.0,0.0,0.0
-78.5,-65.0,-78.0,-65.0,100.0,-86.0,-54.0,-76.5,-71.5,-81.0,-73.0,-69.5,100.0,-76.5,-79.0,-77.0,-69.0,-80.0,-70.0,100.0,-84.5,-73.0,12.514,0.416,0.0,0.0,0.0
-80.0,-64.0,-77.5,-65.0,-76.0,-77.0,100.0,-75.5,-71.5,-80.0,-74.0,-69.0,-73.0,-76.0,-79.0,-76.5,-68.0,100.0,-70.0,100.0,-82.5,-73.0,12.514,0.416,0.0,0.0,0.0
-84.5,-67.0,-79.5,-66.5,-76.0,-75.0,-56.0,-79.0,-69.0,-77.0,-76.0,-66.0,-79.5,-74.0,-79.0,-78.5,-70.0,-88.0,-72.0,100.0,-77.5,-72.0,12.514,0.416,0.0,0.0,0.0
-87.0,-71.0,-82.0,-68.0,-90.0,-72.5,-55.0,-83.0,-66.5,-78.0,-76.5,-66.0,-86.0,-74.0,100.0,-80.0,-73.0,-87.0,-74.5,-79.0,-74.0,-72.5,12.514,0.416,0.0,0.0,0.0
-53.0,-62.0,-75.0,-68.0,-65.0,-64.0,-79.0,-83.0,-77.0,100.0,-82.0,-77.0,100.0,-79.0,-72.0,-83.0,-79.0,-86.0,-86.0,-74.0,100.0,-86.0,16.091,9.931,0.0,0.0,0.0
-53.0,-62.0,-75.0,-68.0,-65.0,-64.0,-78.5,-83.0,-77.0,-79.0,-82.0,-77.0,-83.0,-79.0,-72.0,-83.0,-79.0,-86.0,-84.5,-74.0,100.0,-86.0,16.091,9.931,0.0,0.0,0.0
100.0,100.0,100.0,100.0,100.0,100.0,-78.0,100.0,100.0,-79.0,100.0,100.0,-83.0,100.0,100.0,100.0,-84.0,100.0,-83.0,100.0,100.0,100.0,16.091,9.931,0.0,0.0,0.0
100.0,100.0,100.0,100.0,100.0,100.0,100.0,100.0,100.0,100.0,100.0,100.0,100.0,100.0,100.0,100.0,-84.0,100.0,100.0,100.0,100.0,100.0,16.091,9.931,0.0,0.0,0.0
100.0,100.0,-63.0,-68.0,100.0,100.0,100.0,100.0,100.0,100.0,100.0,100.0,100.0,100.0,100.0,100.0,100.0,100.0,100.0,100.0,100.0,100.0,16.091,9.931,0.0,0.0,0.0
-50.0,-63.0,-60.5,-68.0,100.0,100.0,-74.0,100.0,-79.0,100.0,-76.0,-74.0,100.0,-81.0,100.0,-80.0,-79.0,100.0,100.0,-73.0,-82.0,-89.0,16.091,9.931,0.0,0.0,0.0
-50.0,-63.0,-58.0,100.0,100.0,-69.0,-74.0,100.0,-79.0,100.0,-75.5,-74.0,100.0,-81.0,100.0,-80.0,-78.5,100.0,100.0,-73.5,-82.0,-88.5,16.091,9.931,0.0,0.0,0.0
100.0,-63.0,100.0,100.0,100.0,-69.0,100.0,100.0,100.0,100.0,-75.0,100.0,100.0,100.0,100.0,100.0,-78.0,100.0,100.0,-74.0,-82.0,-88.0,16.091,9.931,0.0,0.0,0.0
100.0,100.0,100.0,100.0,100.0,-69.0,100.0,100.0,100.0,-71.0,100.0,-75.0,100.0,100.0,100.0,-82.0,100.0,100.0,100.0,100.0,100.0,100.0,16.091,9.931,0.0,0.0,0.0
-49.0,-63.0,-58.0,-68.0,-59.0,-69.5,100.0,-71.0,100.0,-71.5,-76.0,-74.5,100.0,-82.0,-76.0,-81.5,100.0,100.0,100.0,-77.0,-82.0,-86.0,16.091,9.931,0.0,0.0,0.0
-51.5,-63.5,-60.5,-69.0,-61.5,-72.5,-74.0,-71.0,-74.0,-75.5,-76.0,-74.0,-81.0,-82.0,-76.0,-81.0,-86.0,100.0,100.0,-81.0,-82.0,-86.0,16.091,9.931,0.0,0.0,0.0
-54.0,-64.0,-63.0,-70.0,-64.0,-75.5,-74.5,100.0,-74.0,-79.0,-75.0,100.0,-81.0,100.0,100.0,-85.0,-86.0,100.0,-90.0,-85.0,-86.0,100.0,16.091,9.931,0.0,0.0,0.0
100.0,-74.0,100.0,100.0,-67.0,100.0,-76.0,-72.0,100.0,100.0,-71.0,-76.0,-78.0,-76.0,100.0,-84.0,100.0,100.0,100.0,-82.0,-80.0,-85.0,16.091,7.553,0.0,0.0,0.0
100.0,100.0,100.0,100.0,-67.5,100.0,-76.5,-72.0,-76.0,-75.0,-71.5,-76.0,-77.0,-76.0,100.0,-82.5,100.0,100.0,100.0,-82.0,-80.5,-85.0,16.091,7.553,0.0,0.0,0.0
100.0,-63.0,-57.0,-76.0,-68.0,-76.0,-76.0,-76.0,-77.0,-74.0,-72.0,-76.5,-76.0,-79.0,-91.0,-82.0,100.0,-87.0,-86.0,100.0,-81.5,-89.0,16.091,7.553,0.0,0.0,0.0
100.0,-63.0,-57.0,-76.0,-68.0,-75.5,-75.0,-76.0,-78.0,-73.0,100.0,-77.0,100.0,-79.0,-91.0,-83.0,100.0,-87.0,-86.0,100.0,-82.0,-89.0,16.091,7.553,0.0,0.0,0.0
-69.0,100.0,100.0,100.0,-68.0,-75.0,100.0,100.0,-78.0,100.0,100.0,100.0,100.0,100.0,100.0,100.0,100.0,100.0,100.0,100.0,-82.0,100.0,16.091,7.553,0.0,0.0,0.0
-69.0,100.0,100.0,100.0,-68.0,100.0,100.0,100.0,-78.0,100.0,100.0,100.0,100.0,100.0,100.0,100.0,100.0,100.0,100.0,100.0,-82.0,100.0,16.091,7.553,0.0,0.0,0.0
100.0,100.0,100.0,100.0,100.0,100.0,100.0,100.0,100.0,100.0,100.0,100.0,100.0,100.0,100.0,100.0,100.0,100.0,100.0,100.0,100.0,100.0,16.091,7.553,0.0,0.0,0.0
100.0,100.0,100.0,100.0,100.0,100.0,100.0,100.0,100.0,100.0,100.0,100.0,100.0,100.0,100.0,100.0,100.0,100.0,100.0,100.0,100.0,100.0,16.091,7.553,0.0,0.0,0.0
100.0,100.0,100.0,100.0,100.0,100.0,100.0,100.0,100.0,100.0,100.0,100.0,100.0,100.0,100.0,100.0,100.0,100.0,100.0,100.0,100.0,100.0,16.091,7.553,0.0,0.0,0.0
-75.0,-56.0,100.0,100.0,100.0,-72.0,100.0,100.0,100.0,100.0,100.0,100.0,100.0,100.0,100.0,100.0,100.0,100.0,100.0,100.0,100.0,100.0,16.091,7.553,0.0,0.0,0.0
-75.0,-55.5,-70.0,-64.0,-64.0,-71.0,-76.0,-70.0,-76.0,-76.0,-78.0,100.0,100.0,100.0,-84.0,100.0,-83.0,-89.0,-79.0,100.0,100.0,-88.0,16.091,7.553,0.0,0.0,0.0
-77.0,-55.0,-71.5,-64.0,-64.0,-71.5,-75.5,-68.5,-76.0,-80.5,-78.0,100.0,100.0,-76.0,-84.5,-78.0,-83.0,-89.0,-78.5,-77.0,-75.0,-88.0,16.091,7.553,0.0,0.0,0.0
-71.0,100.0,100.0,-57.0,-70.0,-67.0,-70.0,100.0,-73.0,-84.0,-79.5,-69.0,-76.0,-70.0,100.0,-85.0,-75.0,100.0,100.0,100.0,-79.0,-82.0,16.091,5.174,0.0,0.0,0.0
-72.5,-66.0,100.0,-57.0,-71.5,-67.5,-71.0,-77.0,-75.0,-83.0,-79.0,-69.0,-77.0,-69.5,100.0,-85.0,-75.0,100.0,100.0,100.0,-79.0,-82.0,16.091,5.174,0.0,0.0,0.0
-78.0,-66.0,-69.0,-57.0,-73.0,-68.0,-72.0,-77.0,-77.0,-82.0,-78.0,100.0,-78.0,-68.5,100.0,-83.0,-74.0,100.0,100.0,100.0,100.0,100.0,16.091,5.174,0.0,0.0,0.0
-80.5,-65.0,-68.5,100.0,100.0,100.0,100.0,100.0,100.0,100.0,100.0,100.0,100.0,-68.0,100.0,-83.0,-74.0,100.0,100.0,100.0,100.0,100.0,16.091,5.174,0.0,0.0,0.0
-76.0,-65.0,-67.0,100.0,100.0,100.0,100.0,100.0,100.0,100.0,100.0,100.0,-77.0,100.0,100.0,100.0,100.0,100.0,100.0,100.0,100.0,100.0,16.091,5.174,0.0,0.0,0.0
-73.0,100.0,-66.0,100.0,-73.0,-61.0,100.0,100.0,100.0,100.0,100.0,100.0,-77.0,-69.0,100.0,100.0,100.0,100.0,100.0,100.0,100.0,100.0,16.091,5.174,0.0,0.0,0.0
100.0,100.0,100.0,100.0,-73.0,-61.0,100.0,100.0,100.0,100.0,100.0,100.0,100.0,-69.0,100.0,100.0,100.0,100.0,100.0,100.0,100.0,100.0,16.091,5.174,0.0,0.0,0.0
-77.0,100.0,100.0,100.0,100.0,100.0,100.0,100.0,100.0,100.0,100.0,100.0,100.0,100.0,100.0,100.0,100.0,-83.0,100.0,100.0,100.0,-73.0,16.091,5.174,0.0,0.0,0.0
-77.0,100.0,100.0,100.0,100.0,100.0,100.0,100.0,100.0,100.0,100.0,100.0,100.0,100.0,100.0,100.0,-84.0,-83.0,100.0,100.0,100.0,-73.5,16.091,5.174,0.0,0.0,0.0
100.0,-63.0,100.0,100.0,-84.0,100.0,100.0,100.0,100.0,100.0,100.0,100.0,100.0,-75.0,100.0,100.0,-84.0,100.0,100.0,100.0,100.0,-78.0,16.091,5.174,0.0,0.0,0.0
100.0,-63.5,100.0,100.0,-84.0,100.0,100.0,100.0,100.0,100.0,100.0,100.0,100.0,-75.0,100.0,100.0,100.0,100.0,100.0,100.0,100.0,-82.0,16.091,5.174,0.0,0.0,0.0
-77.0,-64.5,-78.0,-62.0,-80.0,-76.0,-73.0,-86.0,100.0,100.0,-77.0,100.0,100.0,-74.0,100.0,100.0,-88.0,-89.0,-85.0,100.0,-84.0,-81.0,16.091,5.174,0.0,0.0,0.0
-80.0,100.0,100.0,100.0,100.0,100.0,-74.0,-73.0,100.0,100.0,100.0,100.0,100.0,100.0,100.0,100.0,-72.0,100.0,100.0,100.0,100.0,100.0,16.091,2.795,0.0,0.0,0.0
-80.0,-74.0,100.0,-57.0,-78.0,-66.0,-74.0,-73.0,100.0,100.0,-84.0,100.0,-87.0,-69.0,100.0,-89.0,100.0,100.0,100.0,100.0,100.0,100.0,16.091,2.795,0.0,0.0,0.0
-78.0,-75.5,-73.0,-56.5,-76.5,-67.0,100.0,100.0,-72.0,100.0,-81.0,100.0,-87.0,-69.5,-84.0,-89.0,-74.0,-86.0,-76.0,100.0,100.0,-81.0,16.091,2.795,0.0,0.0,0.0
-78.0,-77.0,-73.0,-56.0,-75.0,-68.0,100.0,100.0,-70.5,100.0,-79.0,100.0,100.0,-70.0,-84.0,-85.0,-74.5,-86.0,-76.0,100.0,100.0,-81.0,16.091,2.795,0.0,0.0,0.0
-77.0,100.0,100.0,-57.0,100.0,100.0,-72.0,100.0,-71.5,100.0,-79.0,100.0,-73.0,100.0,-86.0,-85.0,-75.0,100.0,100.0,100.0,100.0,100.0,16.091,2.795,0.0,0.0,0.0
-76.5,100.0,100.0,-60.5,-84.0,-66.0,-72.0,-79.0,-70.5,100.0,-77.5,100.0,-72.5,-66.0,-88.0,-82.0,100.0,-83.0,100.0,100.0,100.0,-74.0,16.091,2.795,0.0,0.0,0.0
-76.0,-75.0,-74.0,-63.0,-84.0,-67.0,100.0,-79.0,-68.5,100.0,-78.5,100.0,-72.0,-67.0,-89.0,-79.0,-90.0,-83.0,100.0,100.0,100.0,-74.5,16.091,2.795,0.0,0.0,0.0
100.0,-75.0,-74.0,-66.0,-84.0,-68.0,-68.0,100.0,-69.5,100.0,-79.5,100.0,-72.0,-68.0,-89.0,100.0,-90.0,-83.0,100.0,100.0,100.0,-75.0,16.091,2.795,0.0,0.0,0.0
100.0,100.0,100.0,-66.0,100.0,100.0,-68.0,100.0,-68.0,100.0,-79.0,100.0,100.0,100.0,100.0,100.0,-88.0,-83.0,100.0,100.0,100.0,100.0,16.091,2.795,0.0,0.0,0.0
100.0,-70.0,100.0,-67.0,100.0,100.0,100.0,100.0,-72.5,100.0,-80.0,-78.0,100.0,100.0,-82.0,-82.0,-85.5,100.0,100.0,-78.0,100.0,100.0,16.091,2.795,0.0,0.0,0.0
-76.0,-70.0,-80.0,-66.0,100.0,100.0,-79.0,100.0,-79.5,-79.0,-79.5,-74.5,100.0,100.0,-82.0,-83.5,-84.0,-88.0,-75.0,-78.0,100.0,-70.0,16.091,2.795,0.0,0.0,0.0
-76.0,-69.0,-80.0,-65.0,-76.0,-68.0,-79.5,100.0,-81.0,-79.0,-79.0,-71.0,-74.0,-70.0,-82.0,-84.0,-85.0,-88.0,-74.5,100.0,100.0,-70.5,16.091,2.795,0.0,0.0,0.0
